Drug,PMID,PubDate,Journal,Title,Source
ATEZOLIZUMAB,42583973,2026 Jul 1,Indian J Pharmacol,Gastrointestinal adverse events related to monoclonal antibodies: A comprehensive evaluation of data from the FDA Adverse Event Reporting System database.,PubMed
ATEZOLIZUMAB,42580588,2026 Aug 11,JHEP Rep,Competing risks of treatment discontinuation of atezolizumab plus bevacizumab in unresectable hepatocellular carcinoma.,PubMed
ATEZOLIZUMAB,42517276,2026 Jul 28,J Eur Acad Dermatol Venereol,Severe oral lichenoid reactions associated with immune checkpoint inhibitors.,PubMed
ATEZOLIZUMAB,42515859,2026 Jul 27,BJU Int,INtraVESical immunoTherapy (INVEST) prior to radical cystectomy for bladder cancer: trial protocol.,PubMed
ATEZOLIZUMAB,42507968,2026 Jul 27,J Clin Oncol,"SKYSCRAPER-01: Tiragolumab in Combination With Atezolizumab in Previously Untreated PD-L1-High, Locally Advanced, Unresectable or Metastatic Non-Small Cell Lung Cancer.",PubMed
ATEZOLIZUMAB,42504811,2026 Aug,J Manag Care Spec Pharm,Health care use and costs associated with clinically impactful immune-related adverse events during immune checkpoint inhibitor therapy for non-small cell lung cancer.,PubMed
ATEZOLIZUMAB,42485604,2026 Jul 22,JCO Oncol Pract,Comparative Risk of Cardiovascular Hospitalization With Immune Checkpoint Inhibitors Versus Chemotherapy.,PubMed
ATEZOLIZUMAB,42482754,2026,Front Oncol,Case Report: immune checkpoint inhibitor-associated aseptic meningitis in lung cancer: two cases illustrating an exclusion-based diagnosis approach and stepwise immunosuppressive treatment.,PubMed
ATEZOLIZUMAB,42477572,2026 Jul 20,BMC Cancer,Real-world evidence for atezolizumab with bevacizumab for unresectable hepatocellular carcinoma: a multicentre UK Midlands cohort.,PubMed
ATEZOLIZUMAB,42467392,2026 Jul 17,Discov Oncol,Mechanistic synergies and optimal sequencing of anti‑VEGF plus immune checkpoint inhibition in gastrointestinal cancers.,PubMed
ATEZOLIZUMAB,42467032,2026 Jul 17,Int J Radiat Oncol Biol Phys,A Phase 1 Trial of Dose-Escalated Hypofractionated Adaptive Radiation Therapy With Atezolizumab for Advanced Head and Neck Cancers.,PubMed
ATEZOLIZUMAB,42461453,2026 Jul 16,J Gastrointest Cancer,Safety of Immune-Targeted Therapy in Patients with Hepatocellular Carcinoma in the Real-World.,PubMed
ATEZOLIZUMAB,42449709,2026 Jul 6,Cancers (Basel),Organ-System Predictors of Immune-Related Adverse Events and Their Prognostic Impact in Immune Checkpoint Inhibitors-Treated Cancer Patients: A MENA Retrospective Cohort.,PubMed
ATEZOLIZUMAB,42446471,2026 Aug 12,Expert Opin Drug Saf,Safety profile of dual TIGIT and PD-L1 blockade with tiragolumab plus atezolizumab in solid tumors: a systematic review and meta-analysis of randomized controlled trials.,PubMed
ATEZOLIZUMAB,42424047,2026 Jul 9,JAMA Oncol,Consolidative Thoracic Radiotherapy With Atezolizumab Maintenance in Extensive-Stage Small Cell Lung Cancer: The Phase 2 TREASURE Randomized Clinical Trial (AIO-TRK-0320).,PubMed
AXITINIB,42595062,2026 Aug 13,Free Radic Biol Med,Light-Induced Structural Rearrangements of Axitinib and Their Role in Phototoxic Responses.,PubMed
AXITINIB,42594052,2026 Aug 13,Clin Cancer Res,Phase II trial of First-Line Axitinib Plus Nivolumab in Patients with Advanced Mucosal Melanoma.,PubMed
AXITINIB,42580409,2026 Aug 11,J Biol Chem,A High-Affinity Anti-ITGB5 Nanobody for Hepatocellular Carcinoma: Antitumor Efficacy and Tumor Microenvironment Reprogramming.,PubMed
AXITINIB,42560845,2026 Aug 6,J Liposome Res,Repurposed Axitinib delivered via lipid-extruded PEGylated liposomes: 2D/3D breast cancer cell evaluation and in-vivo pharmacokinetics.,PubMed
AXITINIB,42515676,2026 Jun 26,Pharmaceuticals (Basel),"Phytochemical Profiling and Computational Screening of Musa acuminata Peel as Hemorrhagic Wound Treatment Candidate: Network Pharmacology, Molecular Docking, Molecular Dynamics, and DFT Approaches.",PubMed
AXITINIB,42448652,2026 Jul 14,Cell Death Dis,Targeting enolase isoenzyme 2 enables precision glycolysis inhibition in VHL-mutant renal cell carcinoma.,PubMed
AXITINIB,42433301,2026 Aug,Eur Urol Open Sci,The ITALIC-RCC: A Randomized Trial on Clinical and Humoral Impact of Primary Tumor Ablation by Surgery or Radiotherapy in Metastatic Renal Cell Carcinoma Treated with Checkpoint Inhibitors.,PubMed
AXITINIB,42378551,2026 Apr,JCO Clin Cancer Inform,Bayesian Methods for Subgroup Efficacy and Safety: Application to Japanese Patients in JAVELIN Renal 101.,PubMed
AXITINIB,42346225,2026 May 30,Curr Oncol,Real-World Analysis of Metastatic Renal Cell Carcinoma Patients Treated with Pembrolizumab Plus Axitinib: Evidence from the Campania Oncology Network.,PubMed
AXITINIB,42307134,2026 Jun 17,Exp Physiol,VEGF inhibitor-induced vascular dysfunction involves redox-sensitive PARP activation and SIRT1 disruption.,PubMed
AXITINIB,42232545,2026,Front Oncol,Integrative oncology along with systemic cancer therapies in advanced bladder and prostate cancer: metabolic optimization guiding the shift from palliative care to clinical remission - a case report.,PubMed
AXITINIB,42166160,2026 May 1,JAMA Netw Open,Axitinib-Pembrolizumab and Adverse Event Management in Patients With Advanced Renal Cell Carcinoma.,PubMed
AXITINIB,42103905,2026 May 8,BJC Rep,4-weekly avelumab plus axitinib in patients with metastatic renal cell carcinoma.,PubMed
AXITINIB,42030026,2026 Apr 24,Support Care Cancer,Cardiac adverse events associated with axitinib: A real-world pharmacovigilance study based on the Japanese adverse drug event report database.,PubMed
AXITINIB,41991383,2026 Jun,Urol Oncol,"An integrated restricted mean survival time-based evaluation of efficacy, toxicity, and cost in first-line immunotherapy regimens for metastatic renal cell carcinoma.",PubMed
AZACITIDINE,42563153,2026 Aug 5,BMC Cancer,DECIDER-2: Prospective randomized multicenter phase III trial of decitabine and venetoclax administered in combination with all-trans retinoic acid or placebo in patients with acute myeloid leukemia who are ineligible for induction chemotherapy.,PubMed
AZACITIDINE,42552623,2026 Aug,Genes Chromosomes Cancer,DNA Hypomethylation Is Not Cell Intrinsically Toxic to Polycomb Repressive Complex 2 Deficient Malignant Peripheral Nerve Sheath Tumors.,PubMed
AZACITIDINE,42545812,2026 Sep,Hematol Oncol,A Phase 1 Trial of Duvelisib and Oral Azacitidine in Relapsed/Refractory T-Cell Lymphoma.,PubMed
AZACITIDINE,42534179,2026 Jun,Cureus,Gilteritinib-Associated Hypertriglyceridemia During Acute Myeloid Leukemia Triplet Therapy in a 52-Year-Old Man: A Case Report.,PubMed
AZACITIDINE,42532517,2026 Jul 30,Eur J Haematol,Dose-Adjusted Treatment With 7-Day Venetoclax Plus Azacitidine or Decitabine in Patients With Acute Myeloid Leukaemia.,PubMed
AZACITIDINE,42522802,2026 Jul 1,Asian Pac J Cancer Prev,Prognostic Implications and Therapeutic Landscape of IDH1-Mutated AML: An Updated Review of Evidence and Indian Perspective.,PubMed
AZACITIDINE,42520193,2026 Jul 28,Blood,OPTI-AML: Prospective Comparison of 28 vs.14 days of Venetoclax Induction with Azacitidine in Older Adults with AML.,PubMed
AZACITIDINE,42505231,2026 Jul 18,Curr Oncol,Management of Acute Myeloid Leukemia in Older Patients: An Updated Canadian Consensus.,PubMed
AZACITIDINE,42505206,2026 Jul 7,Curr Oncol,Real-World Management of HMA-Related Myelosuppression During MDS Treatment in the Canadian Landscape.,PubMed
AZACITIDINE,42500589,2026,Oncol Res,"Real-World Experience with Venetoclax Therapeutic Drug Monitoring in Acute Myeloid Leukemia: Role of Posaconazole, Correlation with Safety and Efficacy.",PubMed
AZACITIDINE,42498285,2026 Jul 24,Blood Adv,A Phase 1/1b Study of the All-Oral Regimen CC-486 and Venetoclax in Acute Myeloid Leukemia.,PubMed
AZACITIDINE,42485673,2026 Sep,Leuk Res,Dose schedule modifications of 5-azacitidine monotherapy in myelodysplastic neoplasias and chronic myelomonocytic leukaemia.,PubMed
AZACITIDINE,42453671,2026,Front Nutr,Gastrointestinal adverse reactions and metabolism-nutrition disorders associated with hypomethylating agents: a pharmacovigilance study with exploratory mechanistic analysis.,PubMed
AZACITIDINE,42430543,2026 Jul 10,Chem Res Toxicol,Targeting DNA Methylation: New Paradigms and the Advent of Gene-Selective Tools.,PubMed
AZACITIDINE,42419338,2026 Aug,Lancet Haematol,"Venetoclax in combination with cytarabine with or without idarubicin or azacitidine in children, adolescents, and young adults with relapsed or refractory acute myeloid leukaemia (VENAML): a multicentre, phase 1 expansion study.",PubMed
BEVACIZUMAB,42588647,2026 Jul 28,Cancers (Basel),Impact of Bevacizumab Relative Dose Intensity and Treatment-Induced Proteinuria on the Efficacy of Trifluridine/Tipiracil Plus Bevacizumab in Metastatic Colorectal Cancer.,PubMed
BEVACIZUMAB,42583973,2026 Jul 1,Indian J Pharmacol,Gastrointestinal adverse events related to monoclonal antibodies: A comprehensive evaluation of data from the FDA Adverse Event Reporting System database.,PubMed
BEVACIZUMAB,42580588,2026 Aug 11,JHEP Rep,Competing risks of treatment discontinuation of atezolizumab plus bevacizumab in unresectable hepatocellular carcinoma.,PubMed
BEVACIZUMAB,42550800,2026 Aug 4,Am J Case Rep,Right Ventricular Metastasis From Cervical Cancer Treated With Pembrolizumab-Containing Chemotherapy: A Case Report and Literature Review.,PubMed
BEVACIZUMAB,42567378,2026 Aug 7,Int J Pharm,Eight-month sustained delivery of regorafenib from subconjunctival crystal depots for inhibition of corneal neovascularization.,PubMed
BEVACIZUMAB,42545685,2026 Aug 3,JAMA,Addition of High-Dose Vitamin D3 to Standard Treatment in Patients With Metastatic Colorectal Cancer: The SOLARIS Randomized Clinical Trial (Alliance A021703).,PubMed
BEVACIZUMAB,42519234,2026,J Hepatocell Carcinoma,"Adjuvant Sintilimab Plus Bevacizumab After Curative Resection of Spontaneously Ruptured Hepatocellular Carcinoma: Protocol for a Prospective, Exploratory, Single-Arm Study (CLEAR-2).",PubMed
BEVACIZUMAB,42517276,2026 Jul 28,J Eur Acad Dermatol Venereol,Severe oral lichenoid reactions associated with immune checkpoint inhibitors.,PubMed
BEVACIZUMAB,42512271,2026 Jul 8,Cancers (Basel),Comparing the Effectiveness and Safety of Different Third-Line Management Options for Patients with Metastatic Colorectal Cancer: A Systematic Review and Reconstructed Individual Patient Data Meta-Analysis.,PubMed
BEVACIZUMAB,42511923,2026 Jun 26,Biomedicines,Enhancing Targeted Colorectal Cancer Therapies with Natural Products: Mechanistic Pathways.,PubMed
BEVACIZUMAB,42494788,2026 Aug,Kidney Med,A Novel Entity of Renal Toxicity After Combination Chemotherapy: An Onco-Nephrology Kidney Biopsy Teaching Case.,PubMed
BEVACIZUMAB,42494441,2026,Front Med (Lausanne),Combined treatment using repurposed synthetic peptide desmopressin and bevacizumab as a potential antiangiogenic strategy in osteosarcoma.,PubMed
BEVACIZUMAB,42483493,2026,Case Rep Oncol Med,Successful Sequential Multimodal Therapy for Lingual Rhabdomyosarcoma in a Young Adult: Case Report.,PubMed
BEVACIZUMAB,42477572,2026 Jul 20,BMC Cancer,Real-world evidence for atezolizumab with bevacizumab for unresectable hepatocellular carcinoma: a multicentre UK Midlands cohort.,PubMed
BEVACIZUMAB,42467392,2026 Jul 17,Discov Oncol,Mechanistic synergies and optimal sequencing of anti‑VEGF plus immune checkpoint inhibition in gastrointestinal cancers.,PubMed
BORTEZOMIB,42557676,2026 Aug,Cancer Rep (Hoboken),Harnessing Repurposed Drugs to Enhance Temozolomide Efficacy in Glioblastoma.,PubMed
BORTEZOMIB,42554853,2026 Aug 6,Handb Exp Pharmacol,Boron-Containing Drug Candidates in Clinical Trials.,PubMed
BORTEZOMIB,42543782,2026 Aug 2,Br J Haematol,High prevalence of iron deficiency among daratumumab-treated newly diagnosed multiple myeloma patients.,PubMed
BORTEZOMIB,42521571,2026 Jun 25,Clin Lymphoma Myeloma Leuk,Belantamab Mafodotin for Patients With Multiple Myeloma: Clinical Development and Practical Strategies for Dose Optimization and Toxicity Management.,PubMed
BORTEZOMIB,42494534,2026,Front Pharmacol,"Why pharmacogenomic biomarkers for chemotherapy-induced peripheral neuropathy fail: a systematic review of genetic associations, replication, and clinical translation.",PubMed
BORTEZOMIB,42418224,2026 Aug,Future Oncol,"Belantamab mafodotin, a BCMA-directed antibody-drug conjugate for multiple myeloma.",PubMed
BORTEZOMIB,42394711,2026,Front Oncol,"Real-world effectiveness and safety of carfilzomib, pomalidomide, and dexamethasone in relapsed/refractory multiple myeloma: a retrospective analysis from China.",PubMed
BORTEZOMIB,42389559,2026,Ecancermedicalscience,Establishment of the first bone marrow transplant program in francophone sub-Saharan Africa: clinical case and future perspectives.,PubMed
BORTEZOMIB,42383996,2026 Jul 1,Br J Haematol,Clinical outcomes of the chemo-free approach in relapsed/refractory follicular lymphoma: A network meta-analysis.,PubMed
BORTEZOMIB,42376206,2026 Aug,Blood Neoplasia,Ixazomib with chemotherapy for childhood relapsed acute lymphoblastic leukemia: a TACL consortium report.,PubMed
BORTEZOMIB,42343619,2026 Jun 23,Nephrol Dial Transplant,Bortezomib-Cyclophosphamide-Dexamethasone versus Rituximab in PGNMID.,PubMed
BORTEZOMIB,42337655,2026 Jun 23,J Neuroinflammation,"Bortezomib-induced gastrointestinal dysfunction, peripheral neuropathy and neuroimmune signalling are influenced by the gut microbiota in mice.",PubMed
BORTEZOMIB,42335939,2026 Jun 23,Nephrol Dial Transplant,Bortezomib-Cyclophosphamide-Dexamethasone versus Rituximab in PGNMID -Dexamethasone versus Rituximab in PGNMID.,PubMed
BORTEZOMIB,42331283,2026 Jun 22,Value Health,Cost-Effectiveness of Autologous Stem Cell Transplantation in Multiple Myeloma Patients Aged 65 to 69 Years (CAREMM-2110 Study).,PubMed
BORTEZOMIB,42305039,2026 Sep,Am J Hematol,"Outcomes From the Multicenter ACCRU-LY-1804/CARiBOU TRIAL (Cytarabine, Acalabrutinib and Rituximab Integrated With Bortezomib-Based Outpatient Therapy) in 1st Line Mantle Cell Lymphoma.",PubMed
CABOZANTINIB,42525389,2026 Aug 6,Oncologist,Targeted therapies in the management of advanced medullary thyroid cancer.,PubMed
CABOZANTINIB,42520863,2026 Jul 28,Crit Rev Oncol Hematol,"RET alterations in thyroid cancer: Molecular mechanisms, targeted therapies, and emerging resistance.",PubMed
CABOZANTINIB,42485262,2026 Aug 6,Oncologist,A phase II study to evaluate the efficacy of commercially available molecularly matched targeted therapies in the second-line setting.,PubMed
CABOZANTINIB,42475794,2026 Jun 19,Clin Genitourin Cancer,Early Intermittent Cabozantinib in Metastatic Renal Cell Carcinoma: Efficacy and Safety in a Multicenter Retrospective Analysis.,PubMed
CABOZANTINIB,42464667,2026 Jul,Int J Urol,Post-Marketing Surveillance of the Safety and Effectiveness of Cabozantinib in Japanese Patients With Advanced Renal Cell Carcinoma.,PubMed
CABOZANTINIB,42461453,2026 Jul 16,J Gastrointest Cancer,Safety of Immune-Targeted Therapy in Patients with Hepatocellular Carcinoma in the Real-World.,PubMed
CABOZANTINIB,42440541,2026,Front Endocrinol (Lausanne),Selpercatinib versus multi-kinase inhibitors for advanced medullary thyroid cancer: A network meta-analysis of RET-targeted therapies.,PubMed
CABOZANTINIB,42433301,2026 Aug,Eur Urol Open Sci,The ITALIC-RCC: A Randomized Trial on Clinical and Humoral Impact of Primary Tumor Ablation by Surgery or Radiotherapy in Metastatic Renal Cell Carcinoma Treated with Checkpoint Inhibitors.,PubMed
CABOZANTINIB,42400775,2026 Jul 4,Int J Clin Oncol,Relationships of serum cabozantinib concentration with tumor response and adverse events in treatment of advanced renal cell carcinoma: observational exploratory prospective study.,PubMed
CABOZANTINIB,42399307,2026 Jul 3,Sci Rep,TWEAK/FN14 inhibition synergizes with oncogene-directed tyrosine kinase inhibitors to overcome resistance across multiple driver contexts.,PubMed
CABOZANTINIB,42371436,2026 May,Cureus,Cabozantinib in Metastatic Chromophobe Renal Cell Carcinoma: A Single-Center Case Series.,PubMed
CABOZANTINIB,42366526,2026 Dec 31,Oncoimmunology,Efficacy and safety of cabozantinib plus nivolumab in advanced non-clear cell renal cell carcinoma: a nationwide multicenter study.,PubMed
CABOZANTINIB,42363143,2026 Jun 26,BMC Cancer,A phase II study of cabozantinib in metastatic or unresectable refractory gastrointestinal stromal tumour(GIST): a single-centre study from India.,PubMed
CABOZANTINIB,42342601,2026 Aug,Thyroid,Targeted Therapy-Induced Erythrocytosis in Thyroid Cancers: An Underrecognized Safety Signal from a Retrospective Study.,PubMed
CABOZANTINIB,42283932,2026 Jun,Clin Pharmacokinet,Therapeutic Drug Monitoring and Model-Informed Precision Dosing of Oral TKIs and PARP Inhibitors: A Practical Framework for Clinical Implementation.,PubMed
CAPECITABINE,42572030,2026 Aug 10,Signal Transduct Target Ther,"Randomized phase 2 trial of a PARP inhibitor TSL-1502 in germline BRCA-mutated, HER2-negative locally advanced/metastatic breast cancer.",PubMed
CAPECITABINE,42571996,2026 Jul 2,Dis Esophagus,Lessons learned from the use of capecitabine-based triplet neoadjuvant chemotherapy in locally advanced esophageal squamous cell carcinoma.,PubMed
CAPECITABINE,42551632,2026 Aug 4,Radiother Oncol,Early regression index-guided adaptive dose escalation in locally advanced rectal cancer: results of the prospective THUNDER-2 trial.,PubMed
CAPECITABINE,42566731,2026 Aug,JCO Precis Oncol,DPYD-Guided Dosing of Metronomic Capecitabine Plus Vinorelbine in Metastatic Human Epidermal Growth Factor Receptor 2-Negative Breast Cancer: A Real-World Retrospective Study.,PubMed
CAPECITABINE,42540881,2026 Jul 1,J Adv Pract Oncol,Capecitabine-Induced Hand-Foot Syndrome With Genital Involvement.,PubMed
CAPECITABINE,42520930,2026 Jul 28,JHEP Rep,Adjuvant capecitabine in resected biliary tract cancer: a real-world data from the BILCAP-Real study (ACABi multicentre cohort).,PubMed
CAPECITABINE,42512365,2026 Jul 17,Cancers (Basel),Adverse Events as a Surrogate of Sufficient Pharmacological Exposure in Metronomic Combination Chemotherapy: Extended Real-World Cohort Analysis of the FulVEC Regimen in Metastatic ER+/HER2- Breast Cancer.,PubMed
CAPECITABINE,42508575,2026 Jul 27,Am J Clin Nutr,One-carbon metabolism and chemotherapy-induced toxicities in patients with stage II-III colorectal cancer: a prospective cohort study.,PubMed
CAPECITABINE,42508427,2026 Aug,Lancet Oncol,"Addition of irinotecan to chemoradiotherapy as preoperative treatment for locally advanced rectal cancer (ARISTOTLE): a multicentre, open-label, phase 3, randomised controlled trial.",PubMed
CAPECITABINE,42497483,2026 Jul 24,ESMO Open,Datopotamab deruxtecan versus chemotherapy in previously treated inoperable/metastatic hormone receptor-positive HER2-negative breast cancer: safety and patient-reported outcomes from the phase III TROPION-Breast01 study.,PubMed
CAPECITABINE,42492015,2026 Jul 23,J Clin Oncol,"Total Neoadjuvant Therapy With Long-Course Radiotherapy Versus Chemoradiotherapy in High-Risk Locally Advanced Rectal Cancer (TNTCRT): A Multicenter, Randomized, Phase III Trial.",PubMed
CAPECITABINE,42456199,2026 Jun 19,J Pharmacol Exp Ther,Metformin enhances the pathological response in nondiabetic patients with rectal cancer undergoing neoadjuvant chemoradiotherapy: A randomized controlled trial.,PubMed
CAPECITABINE,42449660,2026 Jun 30,Cancers (Basel),Clinical Impact of Total Neoadjuvant Therapy Combined with Dose-Escalated Intensity-Modulated Radiotherapy for Lower Rectal Cancer: A Comparison with Conventional Neoadjuvant Chemoradiotherapy.,PubMed
CAPECITABINE,42445181,2026,Front Immunol,Case Report: Long-term disease control with immunotherapy in primary mandibular adenoid cystic carcinoma presenting with pulmonary metastasis.,PubMed
CAPECITABINE,42440482,2026,Front Oncol,Chemotherapy combined with immunotherapy vs. chemotherapy: comparison of safety and efficacy in adjuvant therapy for intrahepatic cholangiocarcinoma.,PubMed
CARBOPLATIN,42571169,2026 Jul-Sep,Dose Response,Efficacy and Safety of Sintilimab in Combination With Anlotinib and Chemoradiotherapy as First-Line Treatment for Driver Gene-Negative Oligometastatic Non-small Cell Lung Cancer: A Real-World Cohort Study.,PubMed
CARBOPLATIN,42550800,2026 Aug 4,Am J Case Rep,Right Ventricular Metastasis From Cervical Cancer Treated With Pembrolizumab-Containing Chemotherapy: A Case Report and Literature Review.,PubMed
CARBOPLATIN,42559863,2026 Dec,Future Sci OA,Drug-Induced liver injury with adebrelimab: how to assess causality using the updated RUCAM?,PubMed
CARBOPLATIN,42556088,2026 Jul 13,Clin Genitourin Cancer,Transient PSA Suppression Without Survival Benefit: Real-World Comparative Effectiveness of Cabazitaxel Plus Carboplatin in Metastatic Castration-Resistant Prostate Cancer (mCRPC).,PubMed
CARBOPLATIN,42553724,2026,World J Pediatr Surg,Intra-arterial chemotherapy for retinoblastoma: a structured narrative review.,PubMed
CARBOPLATIN,42545498,2026 Aug 3,Strahlenther Onkol,Carboplatin/Paclitaxel can be an effective alternative for cisplatin-ineligible patients with locally advanced HNSCC.,PubMed
CARBOPLATIN,42543606,2026,Yakugaku Zasshi,[Pharmaceutical Verification of Chemotherapy-induced Adverse Events].,PubMed
CARBOPLATIN,42540235,2026 Sep,Oncol Lett,"Neoadjuvant therapy for stage II-III triple-negative breast cancer: Current evidence, clinical boundaries and emerging strategies (Review).",PubMed
CARBOPLATIN,42539996,2026,Explor Target Antitumor Ther,Paclitaxel and carboplatin after disease progression on immune checkpoint inhibitor for patients with metastatic urothelial carcinoma.,PubMed
CARBOPLATIN,42524888,2026 Sep,Thyroid,The Treatment of Advanced Thyroid Cancer Using Pemetrexed Monotherapy or with Platinum-Based Chemotherapy.,PubMed
CARBOPLATIN,42517276,2026 Jul 28,J Eur Acad Dermatol Venereol,Severe oral lichenoid reactions associated with immune checkpoint inhibitors.,PubMed
CARBOPLATIN,42514220,2026 Jul 11,Life (Basel),Choosing the Platinum Partner in Advanced Biliary Tract Cancer: A Propensity Score-Matched Real-World Comparison of Gemcitabine Plus Carboplatin Versus Gemcitabine Plus Cisplatin.,PubMed
CARBOPLATIN,42503543,2026 Jul 26,Support Care Cancer,Predicting taxane-induced peripheral neuropathy by nailfold capillaroscopy: The CAPNEU pilot study.,PubMed
CARBOPLATIN,42494788,2026 Aug,Kidney Med,A Novel Entity of Renal Toxicity After Combination Chemotherapy: An Onco-Nephrology Kidney Biopsy Teaching Case.,PubMed
CARBOPLATIN,42489393,2026 Aug,J Obstet Gynaecol Res,"Neoadjuvant Paclitaxel-Carboplatin Chemotherapy Followed by Cesarean Radical Hysterectomy in Pregnant Patients With Cervical Cancer: Obstetric, Neonatal, and Surgical Outcomes.",PubMed
CETUXIMAB,42592099,2026 Jul,Antib Ther,Epidermal growth factor receptor-targeted near-infrared photoimmunotherapy for epidermal growth factor receptor-expressing advanced solid tumors: a scoping review of barriers and enablers to clinical translation.,PubMed
CETUXIMAB,42589956,2026 Jul 27,J Clin Med,Outcomes and Prognostic Factors of Cetuximab-Based Therapy in Recurrent/Metastatic Head and Neck Squamous Cell Carcinoma.,PubMed
CETUXIMAB,42581129,2026 Aug 12,Cancer Chemother Pharmacol,Adverse events of cetuximab sarotalocan in photoimmunotherapy: insights from the Japanese adverse drug event report database.,PubMed
CETUXIMAB,42567259,2026 Aug 7,J Invest Dermatol,Activatable photoimmunotherapy enables spatiotemporal depletion of pathogenic cells in immune-driven disease and cancer.,PubMed
CETUXIMAB,42540027,2026,Health Serv Insights,Adverse Event Profiles of Monoclonal Antibodies: A Descriptive Analysis of FAERS Data.,PubMed
CETUXIMAB,42522799,2026 Jul 1,Asian Pac J Cancer Prev,Oral Squamous Cell Carcinoma: A New Era in Molecular Mechanisms and Emerging Targeted Therapies.,PubMed
CETUXIMAB,42516366,2026,Front Immunol,Disproportionality analysis of drug-related interstitial lung disease in patients with head and neck squamous cell carcinoma: a signal mining study.,PubMed
CETUXIMAB,42511923,2026 Jun 26,Biomedicines,Enhancing Targeted Colorectal Cancer Therapies with Natural Products: Mechanistic Pathways.,PubMed
CETUXIMAB,42508768,2026 Jul 27,J Control Release,Cleavage-activatable antibody-photosensitizer conjugate enables tumor-selective photodynamic activation and immunogenic cell death.,PubMed
CETUXIMAB,42483493,2026,Case Rep Oncol Med,Successful Sequential Multimodal Therapy for Lingual Rhabdomyosarcoma in a Young Adult: Case Report.,PubMed
CETUXIMAB,42477619,2026 Jul 21,BMC Cancer,Efficacy and safety of cetuximab-irinotecan rechallenge versus regorafenib in ras wild-type metastatic colorectal cancer: a single-center exploratory randomized trial.,PubMed
CETUXIMAB,42463606,2026 Jul 16,Ann Surg Oncol,"Integrated Evaluation of Survival, Surgical Conversion, and Toxicity for Induction Therapy in Initially Unresectable Colorectal Liver Metastases: An Individual Patient Data Network Meta-analysis.",PubMed
CETUXIMAB,42454128,2026,Front Med (Lausanne),Case Report: A case of carbapenem hypersensitivity and tigecycline-associated coagulopathy after immunotherapy for advanced oral cancer.,PubMed
CETUXIMAB,42423856,2026 Jul 9,J Gastrointest Cancer,"Treatment Selection Beyond Second Line in Metastatic Colorectal Cancer: Practical Sequencing of Cytotoxic Salvage Therapy, Anti-angiogenic Agents, Rechallenge Strategies, and Biomarker-Guided Treatments.",PubMed
CETUXIMAB,42397650,2026 Jul 3,J Gastrointest Cancer,Outcomes of Epidermal Growth Factor Receptor Inhibitors in Locally Advanced and Metastatic Anal Squamous Cell Carcinoma: A Systematic Review and Meta-Analysis.,PubMed
CISPLATIN,42593850,,,,PubMed
CISPLATIN,42591502,,,,PubMed
CISPLATIN,42591338,,,,PubMed
CISPLATIN,42589658,,,,PubMed
CISPLATIN,42588665,,,,PubMed
CISPLATIN,42588530,,,,PubMed
CISPLATIN,42587827,,,,PubMed
CISPLATIN,42585815,,,,PubMed
CISPLATIN,42584816,,,,PubMed
CISPLATIN,42582976,,,,PubMed
CYCLOPHOSPHAMIDE,42595268,2026 Aug 13,Respir Med,Rituximab in Progressive Connective Tissue Disease-Associated Interstitial Lung Disease: A Multicenter Real-World Cohort Study.,PubMed
CYCLOPHOSPHAMIDE,42586699,2026 Oct 1,Carbohydr Polym,Exopolysaccharides from lecithin-zeaxanthin-stimulated Cordyceps militaris alleviate cyclophosphamide-induced immunosuppression and intestine-liver injury.,PubMed
CYCLOPHOSPHAMIDE,42577579,2026,Case Rep Infect Dis,HIV-Associated Diffuse Large B-Cell Lymphoma Treated With Outpatient Pola-R-CHP Without Antiretroviral Therapy Modification: A Case Report.,PubMed
CYCLOPHOSPHAMIDE,42575207,2026 Aug 10,Transplant Cell Ther,Phenotype-Specific Associations Between Graft‑Versus‑Host Disease and Post‑Transplant Outcomes.,PubMed
CYCLOPHOSPHAMIDE,42559421,2026,Rheumatol Adv Pract,Current and future advances in practice: polyarteritis nodosa and related vasculitides.,PubMed
CYCLOPHOSPHAMIDE,42534766,2026,PeerJ,"Overaccumulation of miR-483-3p exerts acute toxic effects on ovarian granulosa cells by impairing cell proliferation, mitochondrial function, and METTL3-mediated m6A modification.",PubMed
CYCLOPHOSPHAMIDE,42532275,2026 Jul 30,Transplant Cell Ther,Reduced-Dose PTCy Plus Post-Engraftment Low-Dose ATG for GVHD Prophylaxis in Haploidentical PBSC Transplantation.,PubMed
CYCLOPHOSPHAMIDE,42531433,2026 Jul 30,Clin Cancer Res,"Phase I Trial of GPC3-Targeted TCR Fusion Construct, CT0180, in patients with Advanced Hepatocellular Carcinoma.",PubMed
CYCLOPHOSPHAMIDE,42529729,2026 Jun,Cureus,Comparative Efficacy and Safety of Mycophenolate Mofetil Versus Cyclophosphamide As Induction Therapy for Lupus Nephritis: A Systematic Review and Meta-Analysis.,PubMed
CYCLOPHOSPHAMIDE,42527384,2026 Jul 29,Pediatr Blood Cancer,"The VIVA Regimen (Vinorelbine, Ifosfamide, Vincristine, and Actinomycin-D) for High-Risk Rhabdomyosarcoma: Feasibility and Outcomes From a Single-Institution Study.",PubMed
CYCLOPHOSPHAMIDE,42525883,2026 Jul 1,J Vet Intern Med,Survival outcomes of dogs with multicentric lymphoma treated with sequential half-body radiotherapy and L-CHOP without maintenance chemotherapy.,PubMed
CYCLOPHOSPHAMIDE,42516815,2026 May,Int J Reprod Biomed,Selenium mitigates cyclophosphamide-induced toxicity on sperm quality in mice: An experimental study.,PubMed
CYCLOPHOSPHAMIDE,42512524,2026 Jul 15,Brain Sci,Chemotherapy-Induced Brain Damage: Mechanisms and Insights from Rodent Models.,PubMed
CYCLOPHOSPHAMIDE,42512365,2026 Jul 17,Cancers (Basel),Adverse Events as a Surrogate of Sufficient Pharmacological Exposure in Metronomic Combination Chemotherapy: Extended Real-World Cohort Analysis of the FulVEC Regimen in Metastatic ER+/HER2- Breast Cancer.,PubMed
CYCLOPHOSPHAMIDE,42509956,2026 Jul 15,Children (Basel),Childhood-Onset Lupus Nephritis in the Era of Triple Therapy and Steroid Minimization.,PubMed
CYTARABINE,42556018,2026 Aug 3,Comput Biol Chem,Artificial intelligence for anticancer drug discovery from natural products of macroalgae and sponges: A systematic review.,PubMed
CYTARABINE,42548865,2026 Aug,Food Sci Nutr,Synergistic Anti-Lung Cancer Effects of Cytarabine and a NCBI-Registered Streptococcus via Modulation of Apoptotic and Survival Pathways.,PubMed
CYTARABINE,42512270,2026 Jul 8,Cancers (Basel),Epigenetic Regulation in Acute Myeloid Leukemia: Molecular Mechanisms and Clinical Implications.,PubMed
CYTARABINE,42471330,2026 Jul 18,Blood Cancer J,Newly diagnosed acute myeloid leukemia in Fit patients: 2026 treatment algorithms.,PubMed
CYTARABINE,42449605,2026 Jun 25,Cancers (Basel),"Pharmacological Strategies for Mitigating Cytarabine-Induced Multi-Organ Toxicity: A Scoping Review on Mechanisms, Efficacy and Clinical Implications.",PubMed
CYTARABINE,42448984,2026 Jul 14,Eur J Pediatr,Drug-associated acute pancreatitis in paediatric versus adult reports: a disproportionality analysis using FAERS.,PubMed
CYTARABINE,42445702,2026,Rep Pract Oncol Radiother,Salvage ultra-low-dose radiotherapy for conjunctival mantle cell lymphoma - a case report and literature review.,PubMed
CYTARABINE,42443407,2026 Jul 13,Leukemia,"Randomized phase 2 trial of CPX-351 vs. CLAG-M (cladribine, cytarabine, G-CSF, and mitoxantrone) for medically unfit adults with acute myeloid leukemia or other high-grade myeloid neoplasms.",PubMed
CYTARABINE,42437228,2026 Jun,Cureus,Acute Appendicitis at Stem Cell Infusion During Autologous Transplantation for HIV-Associated Diffuse Large B-cell Lymphoma: A Case Report.,PubMed
CYTARABINE,42430569,2026 Jul,Hematol Oncol,"Intensified Rituximab, Methotrexate, Procarbazine, and Cytarabine (R-MPVA) Regimen With Sequential Addition of Etoposide to R-MPV and Ifosfamide to R-AraC for Newly Diagnosed Primary CNS Lymphoma Patients Aged Between 60 and 70 Years: An LOC Network Study.",PubMed
CYTARABINE,42419338,2026 Aug,Lancet Haematol,"Venetoclax in combination with cytarabine with or without idarubicin or azacitidine in children, adolescents, and young adults with relapsed or refractory acute myeloid leukaemia (VENAML): a multicentre, phase 1 expansion study.",PubMed
CYTARABINE,42405367,2026,J Brown Hosp Med,Enigmatic Case of Adult-Onset Langerhans Cell Histiocytosis with Aggressive Bony Involvement.,PubMed
CYTARABINE,42397629,2026 Jul 3,Int J Hematol,Cytarabine-based induction and oral maintenance therapy for a single system with single-site Langerhans cell histiocytosis.,PubMed
CYTARABINE,42380434,2026 Jun 30,Sci Rep,Anticancer potential of geranyl acetate through RelA gene downregulation in acute myeloid leukemia cells.,PubMed
CYTARABINE,42369147,2026,Front Med (Lausanne),Detection of drug-induced acute respiratory distress syndrome risk signals in FAERS: a real-world pharmacovigilance study.,PubMed
DARATUMUMAB,42566913,2026 Dec,Ann Med,"Limited duration of dexamethasone in newly diagnosed AL amyloidosis: impact on response, toxicity, and survival.",PubMed
DARATUMUMAB,42555232,2026 Aug 10,Expert Rev Hematol,"Daratumumab and hyaluronidase-fihj, a monotherapy for high-risk smoldering multiple myeloma: a shift in preventing active myeloma?",PubMed
DARATUMUMAB,42543782,2026 Aug 2,Br J Haematol,High prevalence of iron deficiency among daratumumab-treated newly diagnosed multiple myeloma patients.,PubMed
DARATUMUMAB,42528221,2026,Biol Pharm Bull,Preventive Effects of Non-sedating and Sedating Histamine H(1) Receptor Antagonists Premedication for Subcutaneous Daratumumab-Associated Infusion-Related Reactions: A Prospective Observational Study.,PubMed
DARATUMUMAB,42502279,2026 Aug,EJHaem,Efficacy and Safety of Daratumumab-Based Regimens in Multiple Myeloma: A Systematic Review and Meta-Analysis of Phase III Randomized Controlled Trials.,PubMed
DARATUMUMAB,42489426,2026 Jul 23,J Oncol Pharm Pract,Acute pancreatitis induced by Daratumumab during multiple myeloma maintenance.,PubMed
DARATUMUMAB,42471354,2026 Jul 18,Blood Cancer J,"Combination of daratumumab, ixazomib, and lenalidomide with or without dexamethasone for initial therapy of newly diagnosed myeloma.",PubMed
DARATUMUMAB,42447565,2026 Jul 9,Biomaterials,A metabolically reprogrammable nanoplatform potentiates photodynamic immunotherapy through glycolytic blockade.,PubMed
DARATUMUMAB,42417837,2026 Jul 8,Ann Hematol,Single low-dose daratumumab enhances rituximab efficacy for sustained remission in treatment-refractory autoimmune cytopenias.,PubMed
DARATUMUMAB,42399199,2026 Aug,Clin Lymphoma Myeloma Leuk,Clinical and Biological Implications of TP53 Abnormalities in Relapsed/Refractory Multiple Myeloma: The DEDALO Study.,PubMed
DARATUMUMAB,42394711,2026,Front Oncol,"Real-world effectiveness and safety of carfilzomib, pomalidomide, and dexamethasone in relapsed/refractory multiple myeloma: a retrospective analysis from China.",PubMed
DARATUMUMAB,42323557,2026 Jun 20,BMC Pulm Med,Pomalidomide-induced acute eosinophilic pneumonia: a case report.,PubMed
DARATUMUMAB,42289016,2026 Jun 14,Ther Innov Regul Sci,Cardiovascular Toxicity of Monoclonal Antibodies Approved for Multiple Myeloma: Evidence Based on FAERS Database.,PubMed
DARATUMUMAB,42236245,2026,Rinsho Ketsueki,[Recent topics in smoldering multiple myeloma: early intervention or active monitoring?].,PubMed
DARATUMUMAB,42227431,2026 Apr,Zhongguo Shi Yan Xue Ye Xue Za Zhi,[A Single Center Real-World Study of the Efficacy of Daratumumab-Based Regimens in the Treatment of Relapsed/Refractory Multiple Myeloma Patients].,PubMed
DOCETAXEL,42584173,2026 Aug 12,Clin Cancer Res,FDA Approval Summary: Erdafitinib for FGFR3-Altered Locally Advanced or Metastatic Urothelial Carcinoma.,PubMed
DOCETAXEL,42582976,2026,Front Oncol,Tetrandrine injection for preventing radiation-induced lung injury in patients with locally advanced esophageal squamous cell carcinoma: a randomized controlled trial protocol.,PubMed
DOCETAXEL,42577021,2026 Jul 15,JMA J,Triplet Therapy (Androgen Deprivation Therapy + Darolutamide + Biweekly Docetaxel) for High-risk Metastatic Castration-sensitive Prostate Cancer (TRIC Study): A Study Protocol for Open-labelled Single-Arm Phase II Clinical Trial.,PubMed
DOCETAXEL,42577017,2026,Front Oncol,Synergistic toxicity and clinical prioritization of docetaxel combined with nintedanib for non-small cell lung cancer: a real-world safety analysis using the FAERS database.,PubMed
DOCETAXEL,42576986,2026 Jul 15,JMA J,"Efficacy of Early Pegfilgrastim Administration during Preoperative Docetaxel, Cisplatin, and 5-Fluorouracil Therapy in Esophageal Cancer.",PubMed
DOCETAXEL,42567422,2026 Aug 7,Eur J Pharm Biopharm,Electrospun PLA: Gelatin core-shell nanofibers for dual delivery of docetaxel and heparin with enhanced in vitro antiproliferative activity.,PubMed
DOCETAXEL,42567299,2026 Aug 7,Eur J Pharmacol,Preclinical evaluation of itraconazole in docetaxel-resistant prostate cancer xenograft models.,PubMed
DOCETAXEL,42562963,2026 Aug 6,Prostate Cancer Prostatic Dis,From fungus fighter to cancer slayer: itraconazole as a multifaceted candidate for drug-resistant prostate cancer.,PubMed
DOCETAXEL,42557826,2026 Aug,Cancer Med,A Novel Aerogel Delivery System Reduces Drug Resistance for Non-Small Cell Lung Cancer Combination Therapy.,PubMed
DOCETAXEL,42546462,2026 Jul 31,Bioorg Chem,"Design, synthesis, in silico, in vitro and in vivo anticancer potential of sulphonamide- ethylamine-triazole-aryl in against triple negative breast cancer and Dalton lymphoma.",PubMed
DOCETAXEL,42546316,2026 Jan-Dec,IET Syst Biol,Double Q-Learning for Intelligent Multi-Drug Scheduling in Cancer Chemotherapy Optimisation.,PubMed
DOCETAXEL,42540918,2026 Jul 1,J Adv Pract Oncol,Concurrent Ocular and Dermatologic Toxicities Associated With Docetaxel Chemotherapy.,PubMed
DOCETAXEL,42527061,2026 Aug,Anticancer Res,Safety and Feasibility of Biweekly Divided-dose of DCF as Neoadjuvant Chemotherapy for Esophageal Squamous Cell Carcinoma.,PubMed
DOCETAXEL,42524480,2026 Jun,Cureus,"Fatal 5-Fluorouracil Toxicity With Hyperammonemic Encephalopathy, Lactic Acidosis, and Pneumatosis Intestinalis Despite Uridine Triacetate Rescue: A Case Report.",PubMed
DOCETAXEL,42512524,2026 Jul 15,Brain Sci,Chemotherapy-Induced Brain Damage: Mechanisms and Insights from Rodent Models.,PubMed
DOXORUBICIN,42593900,,,,PubMed
DOXORUBICIN,42592982,,,,PubMed
DOXORUBICIN,42592018,,,,PubMed
DOXORUBICIN,42589627,,,,PubMed
DOXORUBICIN,42588623,,,,PubMed
DOXORUBICIN,42586674,,,,PubMed
DOXORUBICIN,42585815,,,,PubMed
DOXORUBICIN,42578872,,,,PubMed
DOXORUBICIN,42577579,,,,PubMed
DOXORUBICIN,42577532,,,,PubMed
DURVALUMAB,42591502,2026 Jul 31,Transl Cancer Res,Precision de-escalation of immunotherapy in extensive-stage small cell lung cancer: a case report on ctDNA-guided management in a long-term survivor.,PubMed
DURVALUMAB,42583046,2026 Jul 31,Transl Lung Cancer Res,Immune-preserving radiotherapy and perioperative immunotherapy in stage III NSCLC: a narrative review of current management and future directions for IIIA/IIIB NSCLC.,PubMed
DURVALUMAB,42581755,2026 Aug 12,Int J Cancer,"Outcomes of Cisplatin, Gemcitabine, and Durvalumab According to TOPAZ-1 Study Eligibility: A Large Global Analysis in a Real-World Setting.",PubMed
DURVALUMAB,42564814,2026,Case Rep Cardiol,The Dyspnea Dilemma: Immune Checkpoint Inhibitor-Associated Myocarditis Mimicking Overlapping Cardiac Pathologies-A Case Report.,PubMed
DURVALUMAB,42564214,2026,Front Oncol,Real-world treatment patterns and outcomes of chemo-immunotherapy with or without radiotherapy in extensive-stage small cell lung cancer: the durvalumab expanded access cohort.,PubMed
DURVALUMAB,42523863,2026,Ther Adv Med Oncol,Immunotherapy and the novel therapeutic development for small-cell lung cancer.,PubMed
DURVALUMAB,42518016,2026 Jul 28,Oncol Ther,Ceralasertib Plus Durvalumab in Chinese Patients with Advanced Solid Tumors: A Nonrandomized Clinical Trial.,PubMed
DURVALUMAB,42500959,2026 Jan-Dec,Technol Cancer Res Treat,Efficacy and Safety of Olaparib Combined With Cediranib in the Treatment of Ovarian Cancer: A Systematic Review and Meta-Analysis of Randomized Controlled Trials.,PubMed
DURVALUMAB,42497397,2026 Jul-Aug 01,Cancer J,Optimizing the Care of Patients With Locally Advanced NSCLC With Multimodality Therapy.,PubMed
DURVALUMAB,42485604,2026 Jul 22,JCO Oncol Pract,Comparative Risk of Cardiovascular Hospitalization With Immune Checkpoint Inhibitors Versus Chemotherapy.,PubMed
DURVALUMAB,42482754,2026,Front Oncol,Case Report: immune checkpoint inhibitor-associated aseptic meningitis in lung cancer: two cases illustrating an exclusion-based diagnosis approach and stepwise immunosuppressive treatment.,PubMed
DURVALUMAB,42434745,2026,Front Oncol,Optimal treatment strategies for unresectable stage III EGFR-mutated non-small cell lung cancer: a systematic review and Bayesian network meta-analysis.,PubMed
DURVALUMAB,42413329,2026 Jul,ESMO Open,Efficacy and safety of durvalumab plus gemcitabine-cisplatin in combined hepatocellular-cholangiocarcinoma versus cholangiocarcinoma.,PubMed
DURVALUMAB,42406187,2026 Jul 6,Curr Oncol Rep,"Next-Generation Checkpoint Combinations: Optimizing PD-(L)1-Based Therapy Across the Advanced, Adjuvant, and Neoadjuvant Settings.",PubMed
DURVALUMAB,42402265,2026 Jul 6,J Hepatol,Durvalumab with gemcitabine-based chemotherapy regimens in advanced biliary tract cancer: primary results from the phase IIIb TOURMALINE study.,PubMed
ERLOTINIB,42560616,2026 Aug 6,Photochem Photobiol Sci,Erlotinib-conjugated iridium(III) complexes for EGFR-mediated photodynamic therapy of cancer.,PubMed
ERLOTINIB,42549682,2026 Jan-Dec,Integr Cancer Ther,JI017 Sensitizes EGFR-T790M NSCLC to Erlotinib by Extinguishing the STAT3-Survivin Axis.,PubMed
ERLOTINIB,42533459,2026 Jun,J Physiol Pharmacol,Modulation of erlotinib activity by supramolecular and nanoscale interactions in pancreatic cancer cells.,PubMed
ERLOTINIB,42523073,2026 Jul 29,J Biomol Struct Dyn,Allosteric co-binding restores tyrosine kinase inhibitor affinity in T790M-mutant EGFR through conformational reprogramming.,PubMed
ERLOTINIB,42519574,2026 Sep 8,Mol Ther Nucleic Acids,Development of gemcitabine-modified multimodal miR-129 mimic as a novel therapeutic in non-small cell lung cancer.,PubMed
ERLOTINIB,42496703,2026 Jul 24,Naunyn Schmiedebergs Arch Pharmacol,Drug-specific timing and fatality patterns of EGFR-TKI-associated interstitial lung disease in NSCLC-related JADER reports.,PubMed
ERLOTINIB,42492401,2026 Jul 23,Biomed Pharmacother,Tailoring pH-responsive charge-conversional interfaces in ionizable lipid-based nanoliposomes for synchronized co-delivery and synergistic therapy of triple-negative breast cancer.,PubMed
ERLOTINIB,42456089,2026 Jun 9,J Clin Oncol,Adjuvant Chemotherapy ± Chemoradiotherapy for Adenocarcinoma of the Pancreatic Head: Results of the Radiotherapy Random Assignment of NRG Oncology/RTOG 0848.,PubMed
ERLOTINIB,42441803,2026 Jul 13,Tissue Barriers,Erlotinib impairs epidermal tight junction and barrier integrity by inhibiting EGFR and Src and affects maturation of cell-cell junctions in human and mouse keratinocytes.,PubMed
ERLOTINIB,42396714,2026 Aug,Basic Clin Pharmacol Toxicol,Using Pharmacovigilance Data for Signal Detection of Drug Interactions for Rosuvastatin.,PubMed
ERLOTINIB,42336028,2026 Aug 1,Chem Biol Interact,Identification of antiproliferative nogalamycin series as potent inhibitors of EGFR tyrosine kinase: An in vitro and computational study.,PubMed
ERLOTINIB,42310188,2026 Jun 17,Pharm Res,Transdermal Ionic Liquid Gel of Erlotinib for Localized Breast Cancer Therapy.,PubMed
ERLOTINIB,42308452,2026 Jun,JCO Glob Oncol,Integrating Metronomic Therapy With Standard Chemotherapy in Advanced Unresectable Head and Neck Cancer: A Randomized Trial Addressing Global Cancer Care Equity (METRO PLUS).,PubMed
ERLOTINIB,42302327,2026 Sep,Neoplasia,Hypoxia-activated PROTAC for dual inhibition of FAK and EGFR enables synergistic mechano-chemical cancer therapy.,PubMed
ERLOTINIB,42220682,2026 Apr,Cureus,Leptomeningeal Carcinomatosis During Dose-Reduced Osimertinib Therapy in Epidermal Growth Factor Receptor (EGFR) L858R-Mutated Lung Adenocarcinoma: A Case Report.,PubMed
ETOPOSIDE,42591674,2026,Ther Adv Med Oncol,Consolidative thoracic radiotherapy following first-line chemo-immunotherapy in extensive-stage small-cell lung cancer: A systematic review and meta-analysis.,PubMed
ETOPOSIDE,42591502,2026 Jul 31,Transl Cancer Res,Precision de-escalation of immunotherapy in extensive-stage small cell lung cancer: a case report on ctDNA-guided management in a long-term survivor.,PubMed
ETOPOSIDE,42591338,2026,Front Oncol,Case Report: Life-saving emergency chemotherapy in a critically ill patient with suspected metastatic testicular cancer prior to histological confirmation.,PubMed
ETOPOSIDE,42564214,2026,Front Oncol,Real-world treatment patterns and outcomes of chemo-immunotherapy with or without radiotherapy in extensive-stage small cell lung cancer: the durvalumab expanded access cohort.,PubMed
ETOPOSIDE,42559863,2026 Dec,Future Sci OA,Drug-Induced liver injury with adebrelimab: how to assess causality using the updated RUCAM?,PubMed
ETOPOSIDE,42554933,2026 Aug 5,Int J Hematol,"Efficacy and safety of the BEBM (bendamustine, etoposide, busulfan, and melphalan) conditioning regimen for autologous stem-cell transplantation in non-Hodgkin lymphoma.",PubMed
ETOPOSIDE,42525490,2026 Aug 5,J Drug Target,"Formulation and evaluation of etoposide-loaded dextran polymeric nanoparticles fabricated with hyaluronic acid for the treatment of colorectal cancer using network pharmacology, in-silico, in-vitro, and in-vivo approaches.",PubMed
ETOPOSIDE,42523863,2026,Ther Adv Med Oncol,Immunotherapy and the novel therapeutic development for small-cell lung cancer.,PubMed
ETOPOSIDE,42516366,2026,Front Immunol,Disproportionality analysis of drug-related interstitial lung disease in patients with head and neck squamous cell carcinoma: a signal mining study.,PubMed
ETOPOSIDE,42502512,2026 Jun,Cureus,Small-Cell Carcinoma of the Bladder With Concurrent High-Grade Prostate Cancer: A Case Report and Review of the Literature.,PubMed
ETOPOSIDE,42500863,2026 Sep 1,Curr Opin Oncol,Haemophagocytic lymphohistiocytosis: a life threatening complication of lymphoma.,PubMed
ETOPOSIDE,42500174,2026,Rev Bras Ginecol Obstet,Impact of different EMA/CO treatment regimens in women with gestational trophoblastic neoplasia: brazilian multicenter retrospective cohort study.,PubMed
ETOPOSIDE,42487859,2026 Jul,Pak J Med Sci,Hand-Foot Syndrome as a Rare Side Effect of Bleomycin.,PubMed
ETOPOSIDE,42475939,2026 Sep,Leuk Res,Analysis of the efficacy and safety of the IVD/EM maintenance regimen as post-remission treatment for adult patients with T-cell lymphoblastic lymphoma/leukemia.,PubMed
ETOPOSIDE,42472032,2026 Jul,Hemasphere,"Hemophagocytic lymphohistiocytosis-like syndrome after CD19-directed CAR T-cells for B-cell lymphoma and B-cell acute lymphoblastic leukemia: A LYSA, SFCE, and GRAALL study from the DESCAR-T registry.",PubMed
FLUOROURACIL,42595156,,,,PubMed
FLUOROURACIL,42585552,,,,PubMed
FLUOROURACIL,42584816,,,,PubMed
FLUOROURACIL,42576986,,,,PubMed
FLUOROURACIL,42576528,,,,PubMed
FLUOROURACIL,42573677,,,,PubMed
FLUOROURACIL,42571996,,,,PubMed
FLUOROURACIL,42571659,,,,PubMed
FLUOROURACIL,42551632,,,,PubMed
FLUOROURACIL,42565411,,,,PubMed
GEFITINIB,42560616,2026 Aug 6,Photochem Photobiol Sci,Erlotinib-conjugated iridium(III) complexes for EGFR-mediated photodynamic therapy of cancer.,PubMed
GEFITINIB,42557826,2026 Aug,Cancer Med,A Novel Aerogel Delivery System Reduces Drug Resistance for Non-Small Cell Lung Cancer Combination Therapy.,PubMed
GEFITINIB,42528513,2026,Front Oncol,Gefitinib treatment after exfoliative dermatitis induced by sequential aumolertinib and furmonertinib in lung adenocarcinoma: a case report.,PubMed
GEFITINIB,42523073,2026 Jul 29,J Biomol Struct Dyn,Allosteric co-binding restores tyrosine kinase inhibitor affinity in T790M-mutant EGFR through conformational reprogramming.,PubMed
GEFITINIB,42496703,2026 Jul 24,Naunyn Schmiedebergs Arch Pharmacol,Drug-specific timing and fatality patterns of EGFR-TKI-associated interstitial lung disease in NSCLC-related JADER reports.,PubMed
GEFITINIB,42462354,2026 Oct,Comput Biol Chem,Unveiling the potential mechanisms of gefitinib-induced neurotoxicity: A network toxicology approach.,PubMed
GEFITINIB,42461464,2026 Jul 16,Mol Divers,"Design, synthesis, and biological characterization of a hydrophobic tagging EGFR degrader for the treatment of non-small-cell lung cancer.",PubMed
GEFITINIB,42440354,2026 Jul 13,Clin Cancer Res,Osimertinib Plus Gefitinib in Patients with EGFR-Mutated Advanced Non-Small Cell Lung Cancer and EGFR (C797X) Mutation Following First-Line Osimertinib: ORCHARD.,PubMed
GEFITINIB,42390764,2026 Aug 6,Nanoscale,Exploring gefitinib to enhance endocytosis of antibodies and nucleic acid aptamers targeting EGFR in glioblastoma.,PubMed
GEFITINIB,42317078,2026 Jun,Chem Biol Drug Des,"Design, Synthesis of Novel Quinazolinone Derivatives and Evaluation of EGFR Kinase Inhibition Activity via In Vitro and In Silico Studies.",PubMed
GEFITINIB,42302550,2026 Oct,J Inorg Biochem,Dual competitive mechanisms for CYP3A4-catalyzed gefitinib oxidative defluorination: Steric-conformational coupling and enzymatic/non-enzymatic mechanistic divergence.,PubMed
GEFITINIB,42295691,2026 Jun 15,Mol Divers,Integrating machine learning-based molecular design with experimental validation for the discovery of EGFR inhibitors in lung cancer.,PubMed
GEFITINIB,42292061,2026,In Silico Pharmacol,Dual-template structure-based design of novel harmine derivatives as EGFR inhibitors for colorectal cancer therapy.,PubMed
GEFITINIB,42273826,2026 May,Ther Deliv,Exploring the potential of multiple receptors overexpressed on glioblastoma cells as biomarkers for the targeted therapy; a review.,PubMed
GEFITINIB,42267361,2026,Onco Targets Ther,Acquired BRAF-AGK Fusion Following Osimertinib Plus Savolitinib in EGFR-Mutated MET-Amplified Non-Small-Cell Lung Cancer: Durable Response to Gefitinib and Trametinib in a Case Report.,PubMed
GEMCITABINE,42591647,2026 Jul 31,Transl Cancer Res,Real-world retrospective cohort study of three conversion therapy regimens for unresectable locally advanced pancreatic cancer: a single-center 5-year analysis focused on conversion resection rate and survival outcomes.,PubMed
GEMCITABINE,42591444,2026 Jul 31,Transl Cancer Res,Transcriptomic and experimental validation identify biomarkers and regulatory mechanisms associated with the aryl hydrocarbon receptor in nasopharyngeal carcinoma.,PubMed
GEMCITABINE,42581755,2026 Aug 12,Int J Cancer,"Outcomes of Cisplatin, Gemcitabine, and Durvalumab According to TOPAZ-1 Study Eligibility: A Large Global Analysis in a Real-World Setting.",PubMed
GEMCITABINE,42576557,2026 Jul 29,Curr Comput Aided Drug Des,Molecular Docking and Pharmacological In Silico Evaluation of Genistein and Hematoxylin as Promising Ribonucleotide Reductase-targeted Therapies for Cancer.,PubMed
GEMCITABINE,42573560,2026 Aug 10,Adv Sci (Weinh),Ferroptosis Suppression by the M(6)A Reader IGF2BP1 Underlies Gemcitabine Resistance in Pancreatic Ductal Adenocarcinoma.,PubMed
GEMCITABINE,42571456,2026 Oct,Adv Radiat Oncol,Neoadjuvant Early Stereotactic Body Radiation Therapy Followed by Chemoimmunotherapy in Borderline Resectable and Locally Advanced Pancreatic Cancer.,PubMed
GEMCITABINE,42551842,2026 Aug 4,Aktuelle Urol,Comparison of Sex-Specific Treatment Outcomes in Clinical Trials and Subsequent Real-World Data on Systemic Therapies for Urothelial Carcinoma: A Systematic Review.,PubMed
GEMCITABINE,42564814,2026,Case Rep Cardiol,The Dyspnea Dilemma: Immune Checkpoint Inhibitor-Associated Myocarditis Mimicking Overlapping Cardiac Pathologies-A Case Report.,PubMed
GEMCITABINE,42559568,2026 Jan-Dec,Case Rep Ophthalmol,Nab-Paclitaxel-Induced Cystoid Macular Edema with Minimal Fluorescein Leakage: A Case Report of Two Patients from a Tertiary Referral Center.,PubMed
GEMCITABINE,42547565,2026 Aug 3,Dermatologie (Heidelb),[Gemcitabine-induced toxic epidermal necrolysis in a patient with mycosis fungoides].,PubMed
GEMCITABINE,42546408,2026 Aug 3,Biomed Pharmacother,Paclitaxel-loaded nanostructured lipid carriers surface-functionalized with N6L for pancreatic cancer.,PubMed
GEMCITABINE,42537449,2026 Jul 24,Bioorg Chem,Intravenous pharmacologic ascorbate as a redox modulator and chemosensitizer in targeted Cancer therapies.,PubMed
GEMCITABINE,42533459,2026 Jun,J Physiol Pharmacol,Modulation of erlotinib activity by supramolecular and nanoscale interactions in pancreatic cancer cells.,PubMed
GEMCITABINE,42526071,2026 Jul 24,Eur J Med Chem,"Design, synthesis, and biological evaluation of pyrrolo[2,3-c]pyridin-7-one derivatives as PKMYT1 inhibitors targeting CCNE1-amplified cancers.",PubMed
GEMCITABINE,42523119,2026 Jul 29,Lab Chip,EPGD co-delivery of doxorubicin and gemcitabine enhances activity in EpCAM-high tumour models with lower renal injury-associated readouts in a microfluidic co-culture platform.,PubMed
IFOSFAMIDE,42591338,2026,Front Oncol,Case Report: Life-saving emergency chemotherapy in a critically ill patient with suspected metastatic testicular cancer prior to histological confirmation.,PubMed
IFOSFAMIDE,42531374,2026 Jul 30,Clin Cancer Res,Feasibility and activity of concurrent neoadjuvant chemotherapy and radiation therapy in patients with high-risk soft tissue sarcoma.,PubMed
IFOSFAMIDE,42527384,2026 Jul 29,Pediatr Blood Cancer,"The VIVA Regimen (Vinorelbine, Ifosfamide, Vincristine, and Actinomycin-D) for High-Risk Rhabdomyosarcoma: Feasibility and Outcomes From a Single-Institution Study.",PubMed
IFOSFAMIDE,42514042,2026 Jul 14,Microorganisms,Gallic Acid Attenuates Ifosfamide-Induced Gut Microbiota Dysbiosis: A Full-Length 16S rRNA Amplicon Sequencing Study.,PubMed
IFOSFAMIDE,42483493,2026,Case Rep Oncol Med,Successful Sequential Multimodal Therapy for Lingual Rhabdomyosarcoma in a Young Adult: Case Report.,PubMed
IFOSFAMIDE,42475939,2026 Sep,Leuk Res,Analysis of the efficacy and safety of the IVD/EM maintenance regimen as post-remission treatment for adult patients with T-cell lymphoblastic lymphoma/leukemia.,PubMed
IFOSFAMIDE,42453859,2026 Jul,IJU Case Rep,Successful Treatment of Primary Mediastinal Seminoma With Radiotherapy Following Chemotherapy Under a Bloodless Treatment Policy Based on Patient's Religious Sentiments.,PubMed
IFOSFAMIDE,42430569,2026 Jul,Hematol Oncol,"Intensified Rituximab, Methotrexate, Procarbazine, and Cytarabine (R-MPVA) Regimen With Sequential Addition of Etoposide to R-MPV and Ifosfamide to R-AraC for Newly Diagnosed Primary CNS Lymphoma Patients Aged Between 60 and 70 Years: An LOC Network Study.",PubMed
IFOSFAMIDE,42407003,2026 Jul 6,JCO Oncol Pract,Evaluation of the Feasibility and Safety of Ifosfamide-Based Chemotherapy Regimens for Sarcomas in the Outpatient Setting.,PubMed
IFOSFAMIDE,42330383,2026,Medicina (B Aires),[Ifosfamide-induced neurotoxicity. Clinical characteristics in a pediatric case series].,PubMed
IFOSFAMIDE,42281714,2026 May,Cureus,A Case of Primary Renal Ewing Sarcoma With Metastatic Presentation and Review of Multimodal Management.,PubMed
IFOSFAMIDE,42223602,2026 Jun 1,Strahlenther Onkol,"Head and neck NUT carcinoma-radiotherapy dose, chemotherapy choice, and outcomes: lessons from a 7-year complete remission.",PubMed
IFOSFAMIDE,42220769,2026 Apr,Cureus,A Rare Presentation of Alveolar Rhabdomyosarcoma of the Sinonasal and Nasopharyngeal Region With Bone Marrow Metastasis.,PubMed
IFOSFAMIDE,42181466,2026 Apr,Cureus,Complete Metabolic Remission in Metastatic BCOR-Altered Undifferentiated Round Cell Sarcoma Following Sequential Multimodal Therapy With Vincristine-Doxorubicin-Cyclophosphamide (VDC) Chemotherapy and Pazopanib Maintenance: A Case Report.,PubMed
IFOSFAMIDE,42139822,2026 Jun 18,Eur J Cancer,The long-term efficacy and safety of high-dose chemotherapy with autologous stem cell transplantation in the treatment of primary central nervous system lymphoma: A real-world report from the Polish Lymphoma Research Group.,PubMed
IMATINIB,42584649,,,,PubMed
IMATINIB,42528802,,,,PubMed
IMATINIB,42528110,,,,PubMed
IMATINIB,42486531,,,,PubMed
IMATINIB,42478751,,,,PubMed
IMATINIB,42473481,,,,PubMed
IMATINIB,42470033,,,,PubMed
IMATINIB,42458108,,,,PubMed
IMATINIB,42445105,,,,PubMed
IMATINIB,42437405,,,,PubMed
IPILIMUMAB,42594052,2026 Aug 13,Clin Cancer Res,Phase II trial of First-Line Axitinib Plus Nivolumab in Patients with Advanced Mucosal Melanoma.,PubMed
IPILIMUMAB,42583023,2026 Sep,ESMO Gastrointest Oncol,Dual versus single-agent immune checkpoint inhibitor therapy in microsatellite instability-high metastatic colorectal cancer: an analysis based on reconstructed patient data.,PubMed
IPILIMUMAB,42558559,2026,Front Oncol,"Efficacy, safety, and characteristics of adoptive tumor-infiltrating lymphocyte therapy in solid tumours: a systematic review and meta-analysis.",PubMed
IPILIMUMAB,42542574,2026 Aug 21,iScience,Encapsulated cell therapy for local anti-CTLA-4 delivery in cancer immunotherapy.,PubMed
IPILIMUMAB,42540027,2026,Health Serv Insights,Adverse Event Profiles of Monoclonal Antibodies: A Descriptive Analysis of FAERS Data.,PubMed
IPILIMUMAB,42537351,2026 Jul 31,Int Immunopharmacol,Discovery and development of small-molecule inhibitors targeting cytotoxic T lymphocyte associated protein 4 to enhance cancer immunotherapy and reduce side effects.,PubMed
IPILIMUMAB,42534945,2026,Front Oncol,Case Report: Durable remission in stage IV melanoma following strategic immune checkpoint inhibitor class rotation and rechallenge.,PubMed
IPILIMUMAB,42530885,2026 Aug 6,Oncologist,"Phase 1/2 study of INCAGN01876, an anti-glucocorticoid-induced tumor necrosis factor receptor agonist monoclonal antibody, plus immunotherapy for advanced cancers.",PubMed
IPILIMUMAB,42524550,2026 Aug,Health Sci Rep,The Real-World Safety Profile of Immune Checkpoint Inhibitors in Melanoma: FAERS Pharmacovigilance Analysis Complemented by Randomized Trial Evidence.,PubMed
IPILIMUMAB,42524440,2026,Br J Cardiol,Ipilimumab/nivolumab-induced severe triple M syndrome in a patient with metastatic renal cancer.,PubMed
IPILIMUMAB,42512265,2026 Jul 8,Cancers (Basel),Perioperative Nivolumab and Ipilimumab with Chemotherapy and Chemoradiation for Resectable Gastric and Gastroesophageal Junction Adenocarcinoma: A Phase 1/2 Non-Randomized Clinical Trial.,PubMed
IPILIMUMAB,42499790,2026,Ther Adv Med Oncol,A phase II basket trial of DART SWOG S1609: the salivary gland tumor cohort.,PubMed
IPILIMUMAB,42495618,2026,Front Immunol,The toxicity profile and temporal dynamics of dual PD-1/CTLA-4 immune checkpoint blockade: a real-world pharmacovigilance study using the FAERS database.,PubMed
IPILIMUMAB,42493213,2026 Jul 23,J Immunother Cancer,"Randomized phase II trial of nivolumab and ipilimumab with or without stereotactic body radiation therapy in patients with metastatic castration-resistant prostate cancer: the CheckPRO, CA209-8TY trial.",PubMed
IPILIMUMAB,42486793,2026 Aug 1,Hepatol Commun,Liver biopsy findings and clinical correlates in immune-mediated liver injury from checkpoint inhibitors.,PubMed
IRINOTECAN,42576445,2026 Aug,Cancer Med,Comparison of Thrombocytopenia and Splenomegaly in Locally Advanced Rectal Cancer Patients Receiving Total Neoadjuvant Therapy With and Without Immunotherapy.,PubMed
IRINOTECAN,42558275,2026,Front Oncol,A single-arm phase II trial of UGT1A1 genotype-guided high-dose irinotecan rechallenge in refractory metastatic colorectal cancer.,PubMed
IRINOTECAN,42547691,2026 Aug 3,Drug Deliv Transl Res,Harnessing synergistic SN38/quercetin nanomicelles via nebulized inhalation for enhanced lung cancer treatment.,PubMed
IRINOTECAN,42546541,2026 Dec 15,J Pharm Biomed Anal,In depth study on the mechanism of Xiao-Chai-Hu-Tang in ameliorating irinotecan-induced intestinal toxicity and enhancing antitumor immunity via intestinal microbiota and fecal metabolomics.,PubMed
IRINOTECAN,42546316,2026 Jan-Dec,IET Syst Biol,Double Q-Learning for Intelligent Multi-Drug Scheduling in Cancer Chemotherapy Optimisation.,PubMed
IRINOTECAN,42545685,2026 Aug 3,JAMA,Addition of High-Dose Vitamin D3 to Standard Treatment in Patients With Metastatic Colorectal Cancer: The SOLARIS Randomized Clinical Trial (Alliance A021703).,PubMed
IRINOTECAN,42543619,2026,J Oleo Sci,Dietary Glucosylceramide Attenuates Irinotecan-Induced Jejunal Inflammation in Mice without Altering Apoptotic Signaling in the Jejunum.,PubMed
IRINOTECAN,42521061,2026 Jul 28,Int J Pharm,Targeting tumor angiogenesis: advances in VEGF-A siRNA-loaded nanocarriers for anti-angiogenic cancer therapy.,PubMed
IRINOTECAN,42508427,2026 Aug,Lancet Oncol,"Addition of irinotecan to chemoradiotherapy as preoperative treatment for locally advanced rectal cancer (ARISTOTLE): a multicentre, open-label, phase 3, randomised controlled trial.",PubMed
IRINOTECAN,42492490,2026 Jul 23,Pediatr Blood Cancer,Short Course Cefixime to Prevent Irinotecan-Associated Diarrhea in Children With Solid Tumors: A Retrospective Analysis.,PubMed
IRINOTECAN,42489641,2026 Aug 13,J Med Chem,"Gut Bacterial β-Glucuronidase Blockade by 1,3,4-Thiadiazole-Containing Thioester Inhibitors Mitigates Irinotecan-Induced Gastrointestinal Toxicity.",PubMed
IRINOTECAN,42487673,2026 May,J Med Life,Toxicological profiling of clinically used chemotherapeutics in zebrafish (Danio rerio) larvae.,PubMed
IRINOTECAN,42477619,2026 Jul 21,BMC Cancer,Efficacy and safety of cetuximab-irinotecan rechallenge versus regorafenib in ras wild-type metastatic colorectal cancer: a single-center exploratory randomized trial.,PubMed
IRINOTECAN,42476483,2026 Jul 20,Bone,Sacituzumab govitecan inhibits bone metastases of TROP2-expressing cancers.,PubMed
IRINOTECAN,42462844,2026 Jul 16,J Vasc Interv Radiol,Phase I Dose-Escalation Study Combining Irinotecan-Loaded Drug-Eluting Bead Chemoembolization with Yttrium-90 Glass Microsphere Radioembolization in Colorectal Liver Metastases (DEBIR(90)Y).,PubMed
LENVATINIB,42577880,2026,J Hepatocell Carcinoma,HAIC-Based Combination Therapy for Advanced Hepatocellular Carcinoma with Vp4 Portal Vein Tumor Thrombus and Child-Pugh B Liver Function: A Case Report.,PubMed
LENVATINIB,42566523,2026 Aug 7,Sci Adv,T cell-nanodrug conjugates synchronize vascular normalization and immune activation for solid tumor therapy.,PubMed
LENVATINIB,42542804,2026,Ther Adv Med Oncol,HAIC combined with lenvatinib and tislelizumab for HCC with concurrent PVTT and pulmonary metastasis: a multicenter propensity score matching analysis.,PubMed
LENVATINIB,42527074,2026 Aug,Anticancer Res,Pembrolizumab Plus Lenvatinib in Metastatic Renal Cell Carcinoma: Real-world Prognostic Factors.,PubMed
LENVATINIB,42523965,2026,Clin Med Insights Oncol,"Clinical Outcomes of Lenvatinib-Pembrolizumab in a High-Risk, Dual ICI-Refractory Melanoma Cohort.",PubMed
LENVATINIB,42487602,2026 Jul 13,Anticancer Agents Med Chem,Efficacy and Safety of HAIC Plus Regorafenib and Icaritin in Advanced Hepatocellular Carcinoma After First-Line Lenvatinib Failure: A Retrospective Analysis.,PubMed
LENVATINIB,42471731,2026 Jul 18,J Med Case Rep,Toripalimab-induced isolated ACTH deficiency associated with gastroparesis: a case report.,PubMed
LENVATINIB,42461453,2026 Jul 16,J Gastrointest Cancer,Safety of Immune-Targeted Therapy in Patients with Hepatocellular Carcinoma in the Real-World.,PubMed
LENVATINIB,42459869,2026 Aug,J Endocr Soc,Development of a sensitive plasma lenvatinib quantification method and validation in thyroid cancer patients.,PubMed
LENVATINIB,42449661,2026 Jun 30,Cancers (Basel),Comprehensive Safety and Efficacy Evaluation of Immunotherapy Combination Approaches Versus Tyrosine Kinase Inhibitor Monotherapy as First-Line Treatment of Hepatocellular Carcinoma: A Network and Individual Patient Data (IPD) Meta-Analysis.,PubMed
LENVATINIB,42446544,2026 Jul,Med Chem Res,"Discovery of pyrrolo[2,3-d]pyrimidine derivatives with inhibitory effect on liver cancer stem cell.",PubMed
LENVATINIB,42433301,2026 Aug,Eur Urol Open Sci,The ITALIC-RCC: A Randomized Trial on Clinical and Humoral Impact of Primary Tumor Ablation by Surgery or Radiotherapy in Metastatic Renal Cell Carcinoma Treated with Checkpoint Inhibitors.,PubMed
LENVATINIB,42385524,2026 Sep,Drug Resist Updat,Perioperative tislelizumab for early-stage hepatocellular carcinoma: A phase II trial with integrated tumour microenvironment profiling and predictive modeling.,PubMed
LENVATINIB,42377813,2026 Jun 30,Int J Clin Oncol,"Efficacy, safety, and treatment feasibility of pembrolizumab plus lenvatinib in patients aged 75 years or older with advanced renal cell carcinoma: a Japanese multicenter retrospective study.",PubMed
LENVATINIB,42376598,2026,Cancer Manag Res,Jianpi Rougan Method in Support of Lenvatinib Therapy: A Real-World Study on Maintaining Relative Dose Intensity and Mitigating Toxicity-Driven Discontinuation in Intermediate-to-Advanced HCC.,PubMed
MELPHALAN,42566316,2026 Aug 7,Leuk Lymphoma,A phase II study of low dose melphalan with thiotepa and fludarabine as preparative regimen for alternative donor transplantation.,PubMed
MELPHALAN,42554933,2026 Aug 5,Int J Hematol,"Efficacy and safety of the BEBM (bendamustine, etoposide, busulfan, and melphalan) conditioning regimen for autologous stem-cell transplantation in non-Hodgkin lymphoma.",PubMed
MELPHALAN,42553724,2026,World J Pediatr Surg,Intra-arterial chemotherapy for retinoblastoma: a structured narrative review.,PubMed
MELPHALAN,42537695,2026 Jul 31,Blood Adv,Phase I/II Trial of Evomela for Autologous Transplant in Myeloma: Schedule Optimization and Matched Comparison with MEL200.,PubMed
MELPHALAN,42489576,2026 Jul 23,Pediatr Blood Cancer,"Fludarabine, Busulfan, Thiotepa, and Melphalan: A Novel Low-Toxicity Myeloablative Conditioning Regimen for Haploidentical HSCT in Children and Adolescents Aged ≥7 Years With Transfusion-Dependent β-Thalassemia.",PubMed
MELPHALAN,42437228,2026 Jun,Cureus,Acute Appendicitis at Stem Cell Infusion During Autologous Transplantation for HIV-Associated Diffuse Large B-cell Lymphoma: A Case Report.,PubMed
MELPHALAN,42418372,2026 Jul 8,Blood Adv,"Alternative Conditioning Regimens for Hemoglobinopathy Gene Therapy: Balancing Efficacy, Toxicity, and the Next Frontier.",PubMed
MELPHALAN,42389559,2026,Ecancermedicalscience,Establishment of the first bone marrow transplant program in francophone sub-Saharan Africa: clinical case and future perspectives.,PubMed
MELPHALAN,42355998,2026 Jun 22,J Clin Med,Beyond Ocular Toxicity: Cerebrovascular Events After Intra-Arterial Chemotherapy for Retinoblastoma.,PubMed
MELPHALAN,42333588,2026 Jun 24,Cornea,Clinical Outcomes After Weekly Intracameral Melphalan Administration for Epithelial Downgrowth.,PubMed
MELPHALAN,42270870,2026 Jun 11,Ann Hematol,Toxicity and efficacy of four carmustine-substituted conditioning regimens followed by autologous stem cell transplantation in lymphoma: a real-world comparative study.,PubMed
MELPHALAN,42270486,2026 Aug,Clin Lymphoma Myeloma Leuk,Real-World Outcomes of Melflufen Plus Dexamethasone in Heavily Pretreated Relapsed/Refractory Multiple Myeloma After Exposure to Immunotherapies.,PubMed
MELPHALAN,42219059,2026 May 30,Transplant Cell Ther,Comparative Evaluation of Single-Dose and Split-Dose Melphalan Conditioning Concerning Toxicity Profiles and Engraftment Kinetics: A Propensity Score-Matched Analysis.,PubMed
MELPHALAN,42214676,2026 May 28,Transplant Cell Ther,"Addition of High-Dose Cytarabine to Fludarabine, Busulfan, and Melphalan Conditioning for Cord Blood Transplantation in Adult Acute Myeloid Leukemia.",PubMed
MELPHALAN,42198233,2026 Apr 28,Pharmaceutics,Melphalan and Curcumin Induce Apoptosis in Retinoblastoma Cells Associated with STAT3 Signaling Modulation.,PubMed
METHOTREXATE,42595389,,,,PubMed
METHOTREXATE,42595098,,,,PubMed
METHOTREXATE,42591917,,,,PubMed
METHOTREXATE,42591568,,,,PubMed
METHOTREXATE,42582073,,,,PubMed
METHOTREXATE,42550784,,,,PubMed
METHOTREXATE,42546171,,,,PubMed
METHOTREXATE,42544892,,,,PubMed
METHOTREXATE,42536436,,,,PubMed
METHOTREXATE,42533614,,,,PubMed
NIVOLUMAB,42594052,2026 Aug 13,Clin Cancer Res,Phase II trial of First-Line Axitinib Plus Nivolumab in Patients with Advanced Mucosal Melanoma.,PubMed
NIVOLUMAB,42583046,2026 Jul 31,Transl Lung Cancer Res,Immune-preserving radiotherapy and perioperative immunotherapy in stage III NSCLC: a narrative review of current management and future directions for IIIA/IIIB NSCLC.,PubMed
NIVOLUMAB,42583023,2026 Sep,ESMO Gastrointest Oncol,Dual versus single-agent immune checkpoint inhibitor therapy in microsatellite instability-high metastatic colorectal cancer: an analysis based on reconstructed patient data.,PubMed
NIVOLUMAB,42582942,2026 Jul 31,Transl Androl Urol,"Clinical benefits, tolerability, and risk factors of adjuvant nivolumab for muscle-invasive bladder cancer.",PubMed
NIVOLUMAB,42578872,2026 Aug 11,J Oncol Pharm Pract,Anaphylactic reaction to the second dose of dacarbazine following initial exposure in patient with hodgkin lymphoma.,PubMed
NIVOLUMAB,42572384,2026 Aug 9,Int J Cancer,Tolerability of Adjuvant Nivolumab in Esophageal or Gastroesophageal Junction Cancer: A Real-World Study.,PubMed
NIVOLUMAB,42551842,2026 Aug 4,Aktuelle Urol,Comparison of Sex-Specific Treatment Outcomes in Clinical Trials and Subsequent Real-World Data on Systemic Therapies for Urothelial Carcinoma: A Systematic Review.,PubMed
NIVOLUMAB,42568118,2026 Aug 8,Clin Exp Dermatol,"Drug-associated vitiligo: A systematic review of therapies, clinical patterns and mechanisms.",PubMed
NIVOLUMAB,42559769,2026 Aug 6,Int J Cancer,Diabetes Increases Immunotherapy-Related Toxicity but Not Efficacy in Metastatic Non-Small Cell Lung Cancer: A Multicenter Retrospective Study.,PubMed
NIVOLUMAB,42553366,2026,Front Immunol,FAERS database reveals latent signals of neuro-ophthalmic toxicity associated with immune checkpoint inhibitors: feature mining and clinical warnings.,PubMed
NIVOLUMAB,42540087,2026 Aug,Skin Health Dis,Delayed lichenoid immune-related adverse event after nivolumab discontinuation.,PubMed
NIVOLUMAB,42539996,2026,Explor Target Antitumor Ther,Paclitaxel and carboplatin after disease progression on immune checkpoint inhibitor for patients with metastatic urothelial carcinoma.,PubMed
NIVOLUMAB,42534945,2026,Front Oncol,Case Report: Durable remission in stage IV melanoma following strategic immune checkpoint inhibitor class rotation and rechallenge.,PubMed
NIVOLUMAB,42530885,2026 Aug 6,Oncologist,"Phase 1/2 study of INCAGN01876, an anti-glucocorticoid-induced tumor necrosis factor receptor agonist monoclonal antibody, plus immunotherapy for advanced cancers.",PubMed
NIVOLUMAB,42524550,2026 Aug,Health Sci Rep,The Real-World Safety Profile of Immune Checkpoint Inhibitors in Melanoma: FAERS Pharmacovigilance Analysis Complemented by Randomized Trial Evidence.,PubMed
OLAPARIB,42592622,2026,AME Case Rep,Severe radiodermatitis and implant loss associated with pembrolizumab and olaparib following pre-pectoral breast reconstruction in a 31-year-old female: a case report.,PubMed
OLAPARIB,42584787,2026 Aug 12,Pharmacol Rep,The course of platinum-based chemotherapy is associated with the risk of hematological complications during poly(ADP-ribose) polymerase (PARP) inhibitor therapy in patients with ovarian cancer.,PubMed
OLAPARIB,42568603,2026,Front Oncol,From dual inhibition to precision selectivity: the molecular rationale and clinical evolution of next-generation PARP1-selective inhibitors in solid tumors.,PubMed
OLAPARIB,42566090,2026 Aug 7,Int J Clin Oncol,Benefits of PARP inhibitor rechallenge in patients with platinum-sensitive recurrent ovarian cancer previously treated with a PARP inhibitor: a multicenter retrospective study.,PubMed
OLAPARIB,42531373,2026 Jul 30,Clin Cancer Res,Neoadjuvant olaparib and pembrolizumab combination therapy in the treatment of patients with HRD-positive advanced ovarian cancer: A pilot study.,PubMed
OLAPARIB,42530272,2026 Jul 17,Front Biosci (Landmark Ed),Arp2/3 Inhibition Synergizes With PARP Inhibitors by Impairing Homologous Recombination in Gastric Cancer Cells.,PubMed
OLAPARIB,42517981,2026 Jul 28,Clin Transl Oncol,Drug-specific differences in fatal adverse events among PARP inhibitors: a FAERS pharmacovigilance study.,PubMed
OLAPARIB,42500959,2026 Jan-Dec,Technol Cancer Res Treat,Efficacy and Safety of Olaparib Combined With Cediranib in the Treatment of Ovarian Cancer: A Systematic Review and Meta-Analysis of Randomized Controlled Trials.,PubMed
OLAPARIB,42494613,2026,Front Oncol,Efficacy and safety of PARP inhibitors in older patients with advanced ovarian cancer: a systematic review and network meta-analysis.,PubMed
OLAPARIB,42485993,2026 Sep 1,Ecotoxicol Environ Saf,"Olaparib induces craniofacial cartilage malformations in zebrafish embryos through DNA damage, oxidative stress, and Wnt dysregulation.",PubMed
OLAPARIB,42463291,2026 Jul 16,J Nucl Med,Combining an α(v)β(6)-Targeted (177)Lu-Based Peptide Receptor Radionuclide Therapy with Olaparib to Boost Therapeutic Efficacy in Pancreatic Cancer.,PubMed
OLAPARIB,42446704,2026 Jul 14,World J Urol,"Comparative safety profiles of enzalutamide, olaparib, and lutetium Lu-177 vipivotide tetraxetan in patients with prostate cancer: a real-world disproportionality analysis of the FAERS database.",PubMed
OLAPARIB,42431109,2026 Jun 2,Clin Genitourin Cancer,Evaluation of Efficacy and Safety of Olaparib in Combination With Abiraterone for the Treatment of Metastatic Castration-Resistant Prostate Cancer (mCRPC) With Homologous Recombination Repair Gene Mutations.,PubMed
OLAPARIB,42370172,2026,Theranostics,CDK9 degrader induces BRCAness and sensitizes castration-resistant prostate cancer to PARP inhibitor.,PubMed
OLAPARIB,42356531,2026 Jun 10,Pharmaceuticals (Basel),"Computational Evaluation of Novel PARP-1 Inhibitors for Breast Cancer: Docking, Molecular Dynamics, MM/GBSA, DFT and ADMET Calculations.",PubMed
OSIMERTINIB,42557400,2026 Aug 6,Target Oncol,"Subcutaneous Amivantamab and Lazertinib in PALOMA-3: Efficacy, Safety, and Administration: A Vodcast.",PubMed
OSIMERTINIB,42541899,2026 Aug 1,Neoplasia,Prophylactic folinic acid prevents pemetrexed myelosuppression: A randomized trial toward safer treatment with chemotherapy in non-small cell lung cancer.,PubMed
OSIMERTINIB,42520532,2026 Jul 28,Respir Investig,Management of drug-induced interstitial lung disease in the era of evolving lung cancer therapies: A mini-review.,PubMed
OSIMERTINIB,42519574,2026 Sep 8,Mol Ther Nucleic Acids,Development of gemcitabine-modified multimodal miR-129 mimic as a novel therapeutic in non-small cell lung cancer.,PubMed
OSIMERTINIB,42512348,2026 Jul 16,Cancers (Basel),Risk Stratification and Strategies Towards Front-Line Therapy of EGFR-Mutant NSCLC: A Narrative Review.,PubMed
OSIMERTINIB,42501006,2026 Jul 25,J Oncol Pharm Pract,Beyond the standard 80 mg: Exposure-guided and equity-oriented precision dosing of Osimertinib in EGFR-mutant NSCLC.,PubMed
OSIMERTINIB,42496703,2026 Jul 24,Naunyn Schmiedebergs Arch Pharmacol,Drug-specific timing and fatality patterns of EGFR-TKI-associated interstitial lung disease in NSCLC-related JADER reports.,PubMed
OSIMERTINIB,42489649,2026 Aug,Expert Opin Pharmacother,Recent advances in EGFR-targeted therapies for non-small cell lung cancer.,PubMed
OSIMERTINIB,42473726,2026 Jul,Expert Opin Ther Targets,Tailored strategies to overcome third-generation TKI resistance in EGFR-mutated non-small cell lung cancer.,PubMed
OSIMERTINIB,42465015,2026,Am J Cancer Res,Kang Ru Plus reverses osimertinib resistance in lung adenocarcinoma via suppression of EGFR/PI3K/AKT signaling.,PubMed
OSIMERTINIB,42463032,2026 Jul 16,Eur J Pharm Sci,PLCG1 and RAC1 orchestrate adaptive cellular programs driving osimertinib-tolerant persister cell formation in malignant pleural effusion-associated non-small cell lung cancer.,PubMed
OSIMERTINIB,42442920,2026 Jul 13,J Immunother Cancer,BCL-2/BCL-xL inhibitor pelcitoclax with osimertinib for EGFR-mutated advanced non-small-cell lung cancer: a phase 1b trial.,PubMed
OSIMERTINIB,42440354,2026 Jul 13,Clin Cancer Res,Osimertinib Plus Gefitinib in Patients with EGFR-Mutated Advanced Non-Small Cell Lung Cancer and EGFR (C797X) Mutation Following First-Line Osimertinib: ORCHARD.,PubMed
OSIMERTINIB,42433252,2026 Jun 30,Transl Lung Cancer Res,"Cisplatin re-challenge following recovery from carboplatin-induced, biopsy-proven acute tubular necrosis in a 57-year-old patient with squamous-transformed non-small cell lung cancer: a case report.",PubMed
OSIMERTINIB,42433231,2026 Jun 30,Transl Lung Cancer Res,"Complete response in disseminated EGFR-mutated lung adenocarcinoma through chemosensitivity-guided chemotherapy, osimertinib, and stereotactic ablative body radiotherapy: a case report.",PubMed
OXALIPLATIN,42595156,2026 Aug 13,Int J Biol Macromol,"Electrostatically engineered fucoidan-coated liposomal oxaliplatin: In silico, 2D 3D, in vivo pharmacokinetic evaluations for colorectal cancer management.",PubMed
OXALIPLATIN,42580409,2026 Aug 11,J Biol Chem,A High-Affinity Anti-ITGB5 Nanobody for Hepatocellular Carcinoma: Antitumor Efficacy and Tumor Microenvironment Reprogramming.,PubMed
OXALIPLATIN,42576445,2026 Aug,Cancer Med,Comparison of Thrombocytopenia and Splenomegaly in Locally Advanced Rectal Cancer Patients Receiving Total Neoadjuvant Therapy With and Without Immunotherapy.,PubMed
OXALIPLATIN,42558275,2026,Front Oncol,A single-arm phase II trial of UGT1A1 genotype-guided high-dose irinotecan rechallenge in refractory metastatic colorectal cancer.,PubMed
OXALIPLATIN,42545685,2026 Aug 3,JAMA,Addition of High-Dose Vitamin D3 to Standard Treatment in Patients With Metastatic Colorectal Cancer: The SOLARIS Randomized Clinical Trial (Alliance A021703).,PubMed
OXALIPLATIN,42542077,2026 Aug 1,Cancer Treat Res Commun,"Associations of oxaliplatin dose, lean body mass, and sarcopenia with dose-limiting neuropathy in patients with colorectal cancer.",PubMed
OXALIPLATIN,42540918,2026 Jul 1,J Adv Pract Oncol,Concurrent Ocular and Dermatologic Toxicities Associated With Docetaxel Chemotherapy.,PubMed
OXALIPLATIN,42528584,2026,Front Oncol,Short-term efficacy and safety of recombinant human adenovirus type 5 combined with PD-1 immune checkpoint inhibitors and SOX regimen in neoadjuvant therapy of locally advanced gastric cancer: a retrospective study.,PubMed
OXALIPLATIN,42512265,2026 Jul 8,Cancers (Basel),Perioperative Nivolumab and Ipilimumab with Chemotherapy and Chemoradiation for Resectable Gastric and Gastroesophageal Junction Adenocarcinoma: A Phase 1/2 Non-Randomized Clinical Trial.,PubMed
OXALIPLATIN,42493739,2026 Jul 23,Qual Life Res,Validation and cutpoints of the treatment-induced neuropathy assessment scale (TNAS) in Chinese cancer patients: a prospective cohort study.,PubMed
OXALIPLATIN,42492015,2026 Jul 23,J Clin Oncol,"Total Neoadjuvant Therapy With Long-Course Radiotherapy Versus Chemoradiotherapy in High-Risk Locally Advanced Rectal Cancer (TNTCRT): A Multicenter, Randomized, Phase III Trial.",PubMed
OXALIPLATIN,42487673,2026 May,J Med Life,Toxicological profiling of clinically used chemotherapeutics in zebrafish (Danio rerio) larvae.,PubMed
OXALIPLATIN,42465268,2026 Jul 8,bioRxiv,Oxaliplatin Induces Spontaneous Firing at Sensory Endings Across Touch and Proprioceptive Afferents.,PubMed
OXALIPLATIN,42445702,2026,Rep Pract Oncol Radiother,Salvage ultra-low-dose radiotherapy for conjunctival mantle cell lymphoma - a case report and literature review.,PubMed
OXALIPLATIN,42444056,2026 Jul,Pediatr Allergy Immunol,Breakthrough reactions in pediatric chemotherapeutic desensitization: Outcomes and associated risk factors.,PubMed
PACLITAXEL,42591647,,,,PubMed
PACLITAXEL,42586674,,,,PubMed
PACLITAXEL,42580199,,,,PubMed
PACLITAXEL,42578885,,,,PubMed
PACLITAXEL,42571456,,,,PubMed
PACLITAXEL,42571169,,,,PubMed
PACLITAXEL,42550800,,,,PubMed
PACLITAXEL,42563121,,,,PubMed
PACLITAXEL,42559728,,,,PubMed
PACLITAXEL,42559568,,,,PubMed
PALBOCICLIB,42549127,2026,Case Rep Oncol Med,Immune-Mediated Hepatotoxicity Associated With Ribociclib: A Multipatient Case Series and Management Strategy.,PubMed
PALBOCICLIB,42530873,2026 Jul 30,J Natl Cancer Inst,"A multicenter, phase I/II trial of anastrozole, palbociclib, trastuzumab, and pertuzumab in hormone receptor (HR)-positive, HER2-positive metastatic breast cancer (ASPIRE).",PubMed
PALBOCICLIB,42529186,2026,Front Med (Lausanne),Gastrointestinal toxicity associated with cyclin-dependent kinase 4/6 inhibitors in breast cancer patients: insights from a real-world pharmacovigilance analysis.,PubMed
PALBOCICLIB,42521925,2026 Jul 28,J Egypt Natl Canc Inst,Real-world efficacy and safety of CDK4/6 inhibitors plus endocrine therapy in HR+/HER2 - metastatic breast cancer: a single-institution experience.,PubMed
PALBOCICLIB,42496151,2026 Jul,Expert Opin Drug Metab Toxicol,Inavolisib: a second-generation PI3Kα inhibitor in HR+/HER2-negative breast cancer.,PubMed
PALBOCICLIB,42495102,2026,Pan Afr Med J,Clinical outcomes and toxicity in metastatic breast cancer patients treated with first or second-line cyclin-dependent kinase (CDK) 4/6 inhibitors and endocrine therapy in Egypt.,PubMed
PALBOCICLIB,42489342,2026 Jul,Cancer Rep (Hoboken),Ribociclib and Palbociclib Are Safe and Effective for Treating Metastatic Breast Cancer: A Retrospective Study.,PubMed
PALBOCICLIB,42478583,2026 Jul 20,Am J Clin Oncol,Safety and Efficacy of Palbociclib and Endocrine Therapy Versus Endocrine Therapy Alone in HR+/HER 2- Breast Cancer Patients; a Systematic Review and Meta-Analysis.,PubMed
PALBOCICLIB,42372668,2026 Aug,Clin Oncol (R Coll Radiol),Lifting the Lid on Best Practice in a Case of Oligometastatic Breast Cancer.,PubMed
PALBOCICLIB,42351034,2026 Jun 25,BMC Cancer,Efficacy and tolerability of CDK 4/6 inhibitors in HR-positive HER2-negative de novo metastatic breast cancer patients aged ≥ 70 years.,PubMed
PALBOCICLIB,42341570,2026 Sep 15,Bioorg Chem,"Novel β-carboline quaternary ammonium salts: design, synthesis, structural insight and antitumor activity.",PubMed
PALBOCICLIB,42335715,2026 Jun 18,Eur J Med Chem,A PROTAC-inspired bifunctional small molecule recruits CDK6 to target EYA2 degradation and suppress breast tumor growth.,PubMed
PALBOCICLIB,42324272,2026 Jun 21,Sci Rep,One-pot green synthesis of a glutamine-modified calcium tartrate bio-metal-organic framework for pH-responsive delivery of palbociclib in skin cancer therapy.,PubMed
PALBOCICLIB,42321850,2026 Jun 19,J Transl Med,Palbociclib targets β-catenin for degradation and synergizes with KRAS or ERK5 inhibition in colorectal cancer preclinical models.,PubMed
PALBOCICLIB,42304044,2026 Jun 16,Sci Rep,Association between obesity and outcomes of first-line CDK4/6 inhibitor therapy in metastatic breast cancer: a multicenter real-world study.,PubMed
PANITUMUMAB,42397650,2026 Jul 3,J Gastrointest Cancer,Outcomes of Epidermal Growth Factor Receptor Inhibitors in Locally Advanced and Metastatic Anal Squamous Cell Carcinoma: A Systematic Review and Meta-Analysis.,PubMed
PANITUMUMAB,42358356,2026,Front Pharmacol,"Pharmacovigilance analysis of cutaneous adverse drug reactions for cetuximab, panitumumab, and necitumumab based on EudraVigilance and WHO VigiAccess.",PubMed
PANITUMUMAB,42350704,2026 Aug,Int J Clin Oncol,High therapeutic efficacy of triplet therapy in unresectable or metastatic colorectal cancer and its optimal application strategies.,PubMed
PANITUMUMAB,42307258,2026 Jun 17,J Eur Acad Dermatol Venereol,Management of periungual pyogenic granulomas due to EGFR inhibitors in real world.,PubMed
PANITUMUMAB,42305981,2026 Aug,Mol Clin Oncol,Comparative efficacy and safety of first-line treatments for RAS wild-type metastatic colorectal cancer: A systematic review and network meta-analysis.,PubMed
PANITUMUMAB,42276782,2026 Aug 3,J Nucl Med,Treatment of Human Glioblastoma Multiforme in NRG Mice by Convection-Enhanced Delivery of EGFR-Targeted or Nontargeted Auger Electron-Emitting (197g)Hg-Labeled Gold Nanoparticles.,PubMed
PANITUMUMAB,42217304,2026 Aug,J Photochem Photobiol B,An EGFR-directed photoimmunotheranostic conjugate enables tumor-specific imaging and potent synergistic antitumor activity.,PubMed
PANITUMUMAB,42168916,2026 May 21,BMC Ophthalmol,Safety and pharmacokinetics of intravitreally repeatedly injected panitumumab in non-human primates - a study performed under good laboratory practice.,PubMed
PANITUMUMAB,42113643,2026 May 11,J Patient Saf,Postmarketing Safety Concerns With FDA Black Box Warning Monoclonal Antibodies: A Pharmacovigilance Study Based on the FDA Adverse Event Reporting System Database.,PubMed
PANITUMUMAB,42047936,2026 Aug,Int J Clin Pharm,Post-marketing safety surveillance of EGFR-targeted agents and disseminated intravascular coagulation risk: a disproportionality analysis based on the FDA Adverse Event Reporting System.,PubMed
PANITUMUMAB,41984480,2026 Apr 1,JAMA Netw Open,First-Line Chemotherapy Regimens for Unresectable Locally Advanced or Metastatic Biliary Tract Cancer: A Systematic Review and Bayesian Network Meta-Analysis.,PubMed
PANITUMUMAB,41865627,2026 May,Biomed Pharmacother,Analysis of the relationship between body composition and the pharmacokinetics of panitumumab in the treatment of localized squamous cell carcinoma of the anus - An ancillary study of the FFCD0904 phase I and II trial.,PubMed
PANITUMUMAB,41808148,2026 Mar 10,J Biol Eng,Engineering NKG2D ligand affinity transforms EGFR-targeted NK cell engagers into high-potency effectors against pancreatic cancer.,PubMed
PANITUMUMAB,41723568,2026 Feb 21,J Pharm Health Care Sci,"Nudge-based patient education by pharmacists to promote self-care behaviors for preventing and mitigating chemotherapy-induced skin toxicity: rationale, design, and study protocol of the PHARM-NUDGE trial.",PubMed
PANITUMUMAB,41603178,2026 Jan 26,Curr Pharm Biotechnol,Biological Therapies for Metastatic Colorectal Cancer: Literature Review.,PubMed
PAZOPANIB,42542560,2026 Jul 28,Pharmacogenet Genomics,Association of UGT and CYP genotype-predicted activity with tyrosine kinase inhibitor toxicity.,PubMed
PAZOPANIB,42355971,2026 Jun 20,J Clin Med,Efficacy and Tolerability of Pazopanib in Elderly Patients with Advanced Soft Tissue Sarcoma: A Multicentre Real-World Study from Turkey.,PubMed
PAZOPANIB,42279547,2026 May 29,Diagnostics (Basel),Severe Metabolic Decompensation in Metastatic Sarcomatoid Renal Cell Carcinoma During Immune Checkpoint Inhibitor Therapy: A Case Report and Literature Review.,PubMed
PAZOPANIB,42229285,2026 May 14,Tissue Cell,Targeting mitochondrial metabolism in renal cell carcinoma with melatonin: Preclinical evidence and clinical perspectives.,PubMed
PAZOPANIB,42221383,2026 May,Eur Heart J Case Rep,Giant intra-cardiac undifferentiated pleomorphic sarcoma: a case report.,PubMed
PAZOPANIB,42181466,2026 Apr,Cureus,Complete Metabolic Remission in Metastatic BCOR-Altered Undifferentiated Round Cell Sarcoma Following Sequential Multimodal Therapy With Vincristine-Doxorubicin-Cyclophosphamide (VDC) Chemotherapy and Pazopanib Maintenance: A Case Report.,PubMed
PAZOPANIB,42152812,2026,Rare Tumors,Durable remission of metastatic myxoid liposarcoma following the cautious addition of pembrolizumab to ongoing pazopanib treatment: A case report.,PubMed
PAZOPANIB,42113312,2026 May 11,Curr Oncol Rep,Advances in Radiotherapy for Soft Tissue Sarcomas in 2025: A Review.,PubMed
PAZOPANIB,42028236,2026 Jan-Dec,Neurooncol Adv,Combination of metronomic oral pazopanib and topotecan for recurrent glioblastoma with and without previous bevacizumab: Results from a phase 2 clinical trial.,PubMed
PAZOPANIB,41984479,2026 Apr 1,JAMA Netw Open,Clinical and Molecular Validation of the Very Favorable IMDC Risk Group in Metastatic Renal Cell Carcinoma.,PubMed
PAZOPANIB,41863478,2026 Mar 21,J Oncol Pharm Pract,"Reduced initial Pazopanib dosing strategy for recurrent, advanced, or metastatic sarcoma: A single center experience.",PubMed
PAZOPANIB,41779297,2026 Mar 4,EJNMMI Res,Combined antitumor activity of [(177)Lu]Lu-FAPI-2286 and pazopanib in a sarcoma model: a preclinical theranostic study targeting fibroblast activation protein.,PubMed
PAZOPANIB,41630035,2026 Feb 2,J Transl Med,A systematic review and meta-analysis of pazopanib efficacy and adverse effects in sarcomas.,PubMed
PAZOPANIB,41603255,2026 Mar,Biomed Chromatogr,An LC-MS/MS-Based Quantification of Intracellular Anlotinib Reveals Exposure-Toxicity Relationships in Endothelial and Intestinal Epithelial Cells.,PubMed
PAZOPANIB,41559595,2026 Jan 21,BMC Cancer,Efficacy and safety of anti-VEGF/VEGFR monotherapy and combination with immune checkpoint inhibitors for advanced or metastatic renal cell carcinoma: a network meta-analysis.,PubMed
PEMBROLIZUMAB,42595090,,,,PubMed
PEMBROLIZUMAB,42592622,,,,PubMed
PEMBROLIZUMAB,42584173,,,,PubMed
PEMBROLIZUMAB,42583046,,,,PubMed
PEMBROLIZUMAB,42583023,,,,PubMed
PEMBROLIZUMAB,42551842,,,,PubMed
PEMBROLIZUMAB,42550800,,,,PubMed
PEMBROLIZUMAB,42569775,,,,PubMed
PEMBROLIZUMAB,42569171,,,,PubMed
PEMBROLIZUMAB,42569038,,,,PubMed
PEMETREXED,42556340,2026 Aug 5,Cell Rep Med,Phase 1 study of intracranial T cell therapy with pemetrexed for refractory brain metastases and glioblastomas.,PubMed
PEMETREXED,42543606,2026,Yakugaku Zasshi,[Pharmaceutical Verification of Chemotherapy-induced Adverse Events].,PubMed
PEMETREXED,42541899,2026 Aug 1,Neoplasia,Prophylactic folinic acid prevents pemetrexed myelosuppression: A randomized trial toward safer treatment with chemotherapy in non-small cell lung cancer.,PubMed
PEMETREXED,42537562,2026 Jul 8,Curr Opin Pharmacol,Clinical pharmacokinetics of afatinib: A systematic review.,PubMed
PEMETREXED,42524888,2026 Sep,Thyroid,The Treatment of Advanced Thyroid Cancer Using Pemetrexed Monotherapy or with Platinum-Based Chemotherapy.,PubMed
PEMETREXED,42517276,2026 Jul 28,J Eur Acad Dermatol Venereol,Severe oral lichenoid reactions associated with immune checkpoint inhibitors.,PubMed
PEMETREXED,42457832,2026 Jul 15,Sci Rep,Maintenance pemetrexed after platinum pemetrexed chemotherapy and survival outcomes in malignant pleural mesothelioma in a multicenter real world study.,PubMed
PEMETREXED,42433231,2026 Jun 30,Transl Lung Cancer Res,"Complete response in disseminated EGFR-mutated lung adenocarcinoma through chemosensitivity-guided chemotherapy, osimertinib, and stereotactic ablative body radiotherapy: a case report.",PubMed
PEMETREXED,42387111,2026 Jul 1,MedScience,Pathological complete response in a POLE-mutated non-small cell lung cancer patient treated with perioperative chemoimmunotherapy: a case report and review of the literature.,PubMed
PEMETREXED,42382386,2026,Front Oncol,Case Report: Tislelizumab combined with bevacizumab in the treatment of primary malignant pericardial mesothelioma.,PubMed
PEMETREXED,42377304,2026 Jun 30,J Oncol Pharm Pract,Incidence of neutropenia with intrathecal pemetrexed for leptomeningeal disease associated with solid tumors - A retrospective analysis.,PubMed
PEMETREXED,42358378,2026 Sep 17,Mol Ther Oncol,A tri-component organoid model reveals field-cancerized fibroblasts as key drivers of LUAD recurrence and drug resistance.,PubMed
PEMETREXED,42314089,2026 Jun 18,JCO Oncol Pract,Maintenance Pemetrexed/Pembrolizumab Versus Pembrolizumab in Non-Small Cell Lung Cancer: A Propensity Score-Weighted Analysis.,PubMed
PEMETREXED,42296979,2026 Jul,Lancet Oncol,"Aumolertinib with or without chemotherapy in EGFR-mutated advanced non-small-cell lung cancer (AENEAS2): an open-label, multicentre, randomised, controlled, phase 3 trial.",PubMed
PEMETREXED,42285445,2026 Aug,J Pharmacol Toxicol Methods,Rapid and sensitive quantification of pemetrexed in human plasma by LC-MS/MS using a stable isotope-Labeled internal standard for therapeutic drug monitoring.,PubMed
RIBOCICLIB,42568118,2026 Aug 8,Clin Exp Dermatol,"Drug-associated vitiligo: A systematic review of therapies, clinical patterns and mechanisms.",PubMed
RIBOCICLIB,42549127,2026,Case Rep Oncol Med,Immune-Mediated Hepatotoxicity Associated With Ribociclib: A Multipatient Case Series and Management Strategy.,PubMed
RIBOCICLIB,42529467,2026 Jul 29,RSC Adv,"Design, synthesis, molecular docking and molecular dynamics simulations of pyrazolo[3,4-d]pyrimidine scaffolds as selective COX-2 and CDK2 kinase inhibitors with dual anti-inflammatory and anti-proliferative activities.",PubMed
RIBOCICLIB,42529186,2026,Front Med (Lausanne),Gastrointestinal toxicity associated with cyclin-dependent kinase 4/6 inhibitors in breast cancer patients: insights from a real-world pharmacovigilance analysis.,PubMed
RIBOCICLIB,42521925,2026 Jul 28,J Egypt Natl Canc Inst,Real-world efficacy and safety of CDK4/6 inhibitors plus endocrine therapy in HR+/HER2 - metastatic breast cancer: a single-institution experience.,PubMed
RIBOCICLIB,42495102,2026,Pan Afr Med J,Clinical outcomes and toxicity in metastatic breast cancer patients treated with first or second-line cyclin-dependent kinase (CDK) 4/6 inhibitors and endocrine therapy in Egypt.,PubMed
RIBOCICLIB,42489342,2026 Jul,Cancer Rep (Hoboken),Ribociclib and Palbociclib Are Safe and Effective for Treating Metastatic Breast Cancer: A Retrospective Study.,PubMed
RIBOCICLIB,42460021,2026,Front Pharmacol,Cardiovascular toxicity of CDK4/6 inhibitors combined with endocrine therapy versus endocrine therapy alone in HR+/HER2- breast cancer: a real-world study based on the FAERS database.,PubMed
RIBOCICLIB,42457019,2026 Jul 15,Cancer Lett,Membrane bionic supramolecular nanomaterials for co-delivered of ribociclib and PEG10 siRNA for targeted therapy in breast cancer.,PubMed
RIBOCICLIB,42351034,2026 Jun 25,BMC Cancer,Efficacy and tolerability of CDK 4/6 inhibitors in HR-positive HER2-negative de novo metastatic breast cancer patients aged ≥ 70 years.,PubMed
RIBOCICLIB,42317933,2026 May,Cureus,Vitiligo-Like Hypopigmentation Induced by Ribociclib in a Patient With Metastatic Breast Cancer.,PubMed
RIBOCICLIB,42304044,2026 Jun 16,Sci Rep,Association between obesity and outcomes of first-line CDK4/6 inhibitor therapy in metastatic breast cancer: a multicenter real-world study.,PubMed
RIBOCICLIB,42220439,2026,Oncol Res,"Clinical Applications of CDK4/6 Inhibitors in HR+/HER2, and Personalized Treatment Strategies: A Narrative Review.",PubMed
RIBOCICLIB,42192962,2026 May 14,Cancers (Basel),Analysis of the Frequency and Associated Factors of Skin Toxicity in Patients Receiving Ribociclib-Based Therapy for Metastatic Breast Cancer.,PubMed
RIBOCICLIB,42147265,2026 Jun,World J Oncol,Real-World Data on the Use of Cyclin-Dependent Kinase 4/6 Inhibitors in Hormone Receptor-Positive/Human Epidermal Growth Factor Receptor 2-Negative Advanced/Metastatic Breast Cancer.,PubMed
RITUXIMAB,42595268,,,,PubMed
RITUXIMAB,42594294,,,,PubMed
RITUXIMAB,42583973,,,,PubMed
RITUXIMAB,42577579,,,,PubMed
RITUXIMAB,42566728,,,,PubMed
RITUXIMAB,42559421,,,,PubMed
RITUXIMAB,42534920,,,,PubMed
RITUXIMAB,42527721,,,,PubMed
RITUXIMAB,42509106,,,,PubMed
RITUXIMAB,42498281,,,,PubMed
RUCAPARIB,42568603,2026,Front Oncol,From dual inhibition to precision selectivity: the molecular rationale and clinical evolution of next-generation PARP1-selective inhibitors in solid tumors.,PubMed
RUCAPARIB,42517981,2026 Jul 28,Clin Transl Oncol,Drug-specific differences in fatal adverse events among PARP inhibitors: a FAERS pharmacovigilance study.,PubMed
RUCAPARIB,42494613,2026,Front Oncol,Efficacy and safety of PARP inhibitors in older patients with advanced ovarian cancer: a systematic review and network meta-analysis.,PubMed
RUCAPARIB,42312474,2026 Jun,Future Oncol,Rucaparib - drug evaluation: a PARP inhibitor for the treatment of BRCA-mutated metastatic castration-resistant prostate cancer.,PubMed
RUCAPARIB,41654913,2026 Feb 7,J Ovarian Res,Real-world data of PARP inhibitors in first-line maintenance for BRCA-mutated or HRD-positive advanced ovarian cancer: a multicentre retrospective study from India.,PubMed
RUCAPARIB,41541937,2025 Dec,Cureus,Emerging Therapeutic Synergies: Combining PD-1 Inhibitors With Poly-ADP-Ribose Polymerase (PARP) Inhibitors in the Treatment of Gynecologic Cancers.,PubMed
RUCAPARIB,41460301,2025 Dec 29,Mol Biomed,PARPs and PARP inhibitors: molecular mechanisms and clinical applications.,PubMed
RUCAPARIB,41331275,2025 Dec 2,Sci Rep,Development of a liquid overlay-based three-dimensional cell culture panel for drug screening applications.,PubMed
RUCAPARIB,41304924,2025 Nov 6,Pharmaceuticals (Basel),Computational Chemistry Advances in the Development of PARP1 Inhibitors for Breast Cancer Therapy.,PubMed
RUCAPARIB,41301076,2025 Nov 20,Cancers (Basel),Comparative Analysis of Maintenance Treatments in Patients with Newly Diagnosed Advanced Ovarian Cancer After First-Line Platinum-Based Regimens.,PubMed
RUCAPARIB,41273257,2025 Dec 1,Cancer,Optimized dose schedule of rucaparib and liposomal irinotecan/5-fluorouracil in metastatic gastrointestinal cancers: A phase 1 study.,PubMed
RUCAPARIB,41231232,2025 Dec 1,Cancer Res Commun,BrUOG360: A Phase Ib/II Study of Copanlisib in Combination with Rucaparib in Patients with Metastatic Castration-Resistant Prostate Cancer (mCRPC).,PubMed
RUCAPARIB,41168844,2025 Oct 30,BMC Pharmacol Toxicol,"Imidacloprid contributes to bladder cancer progression: preliminary evidence based on network toxicology, machine learning and molecular docking.",PubMed
RUCAPARIB,41004518,2025,PLoS One,Anti-cancer compound screening identifies Aurora Kinase A inhibition as a means to favor CRISPR/Cas9 gene correction over knock-out.,PubMed
RUCAPARIB,40979033,2025 Aug,Cureus,Rucaparib-Associated Drug Reaction With Eosinophilia and Systemic Symptoms Syndrome.,PubMed
SORAFENIB,42580409,2026 Aug 11,J Biol Chem,A High-Affinity Anti-ITGB5 Nanobody for Hepatocellular Carcinoma: Antitumor Efficacy and Tumor Microenvironment Reprogramming.,PubMed
SORAFENIB,42572611,2026 Aug 21,iScience,A trifluoromethyl quinazoline inhibits hepatocellular carcinoma proliferation through HDAC1 binding and multi-target mechanisms.,PubMed
SORAFENIB,42569431,2026 Aug 7,RSC Adv,"Integrated design, synthesis, biological evaluation, and computational mechanistic insights of novel benzanilide derivatives as VEGFR-2 targeted anticancer agents.",PubMed
SORAFENIB,42561779,2026 Aug 3,Bioorg Med Chem,"Novel benzofuran-1,3,4-thiadiazole aryl urea hybrids as dual VEGFR-2/BRAF inhibitors: anticancer activity, apoptosis induction, and molecular modeling studies.",PubMed
SORAFENIB,42533033,2026 Jul 30,Sci Rep,One-dimensional palladium MOF as VEGFR2 and colchicine binding inhibitors with potential anticancer and anti-inflammatory activities: synthesis and molecular investigation.,PubMed
SORAFENIB,42521170,2026 Jul 29,Int J Biol Macromol,ROS-responsive chitosan/hyaluronan polyelectrolyte nanogels for targeted chemo-ferroptosis therapy against breast cancer.,PubMed
SORAFENIB,42491529,2026 Jun,Imeta,Metal-dependent regulated cell death: Molecular architecture and translational frontiers.,PubMed
SORAFENIB,42477572,2026 Jul 20,BMC Cancer,Real-world evidence for atezolizumab with bevacizumab for unresectable hepatocellular carcinoma: a multicentre UK Midlands cohort.,PubMed
SORAFENIB,42474151,2026 Oct,Pak J Pharm Sci,Network pharmacology and molecular simulation suggest potential mechanisms of sorafenib-induced HFSR.,PubMed
SORAFENIB,42455914,2026 Jul,J Biochem Mol Toxicol,Caffeine in the Context of Sorafenib Chemotherapy: Insights From Experimental Hepatocarcinogenesis.,PubMed
SORAFENIB,42453943,2026,NPJ Womens Health,Combination of oxidative phosphorylation and platelet-derived growth factor inhibitors for the treatment of ovarian cancers.,PubMed
SORAFENIB,42452343,2026 Jun 23,J Clin Med,Real-World Outcomes and Prognostic Factors in Patients with Radioiodine-Refractory Differentiated Thyroid Cancer Treated with Sorafenib: A Multicenter Study.,PubMed
SORAFENIB,42449661,2026 Jun 30,Cancers (Basel),Comprehensive Safety and Efficacy Evaluation of Immunotherapy Combination Approaches Versus Tyrosine Kinase Inhibitor Monotherapy as First-Line Treatment of Hepatocellular Carcinoma: A Network and Individual Patient Data (IPD) Meta-Analysis.,PubMed
SORAFENIB,42445245,2026,Front Pharmacol,"Targeting NAT10 with Remodelin in cancer drug resistance: mechanisms, preclinical evidence, and combination strategies.",PubMed
SORAFENIB,42393592,2026 Jul 2,BMC Cancer,Beyond side effects: treatment-related adverse events are associated with improved survival outcomes in HCC patients on atezolizumab-bevacizumab therapy.,PubMed
SUNITINIB,42587360,,,Time-Dependent Bias and Prognostic Confounding in Exposure-Response Analysis of Targeted Therapies: Lessons from Sunitinib in Metastatic Renal Cancer.,PubMed
SUNITINIB,42577666,,,First-line immune checkpoint inhibitor plus anti-angiogenic therapy for advanced renal cell carcinoma: a meta-analysis of randomized controlled trials.,PubMed
SUNITINIB,42574880,,,Super-resolution imaging with a mitochondria-targeted fluorescent probe: Evaluation of chemotherapy-induced hepatorenal injury.,PubMed
SUNITINIB,42500582,,,First-Line Treatment Strategies in IMDC Favourable-Risk Metastatic Clear Cell Renal Cell Carcinoma.,PubMed
SUNITINIB,42448198,,,Anti-carcinoembryonic antigen conjugated resveratrol/sunitinib-loaded polymeric nanoparticles for therapeutic enhancement in colorectal cancer.,PubMed
SUNITINIB,42414807,,,A Review on Nanocarrier-Based Strategies for Sunitinib Delivery: Advances in Pharmacokinetic Enhancement and Targeted Theranostics.,PubMed
SUNITINIB,42392517,,,Injectable pH-responsive gelatin methacryloyl hydrogel for cuproptosis-synergized sunitinib therapy and immune reprogramming in clear cell renal cell carcinoma.,PubMed
SUNITINIB,42378551,,,Bayesian Methods for Subgroup Efficacy and Safety: Application to Japanese Patients in JAVELIN Renal 101.,PubMed
SUNITINIB,42373289,,,Bayesian Analysis to Refine East Asian Subgroup Estimates in the CLEAR Trial (Lenvatinib Plus Pembrolizumab vs. Sunitinib) for Advanced Renal Cell Carcinoma.,PubMed
SUNITINIB,42356515,,,Engineering Selenium-Chitosan Nanoparticles for Enhanced Hepatic Delivery of Sunitinib and Improved In Vitro Anticancer Activity in Hepatocellular Carcinoma Models.,PubMed
SUNITINIB,42355796,,,Review of Haematological Toxicities in Well-Differentiated Neuroendocrine Tumours: A Case Report and Comprehensive Review of the Literature.,PubMed
SUNITINIB,42286828,,,Apatinib combined with capecitabine plus temozolomide versus sunitinib in advanced gastroenteropancreatic neuroendocrine tumours: a propensity score-matched real-world study.,PubMed
SUNITINIB,42283932,,,Therapeutic Drug Monitoring and Model-Informed Precision Dosing of Oral TKIs and PARP Inhibitors: A Practical Framework for Clinical Implementation.,PubMed
SUNITINIB,42276388,,,Molecular mechanisms and therapeutic targets of traditional Chinese Medicine compounds in renal cell carcinoma: A comprehensive narrative review.,PubMed
SUNITINIB,42229285,,,Targeting mitochondrial metabolism in renal cell carcinoma with melatonin: Preclinical evidence and clinical perspectives.,PubMed
TAMOXIFEN,42564483,,,,PubMed
TAMOXIFEN,42544074,,,,PubMed
TAMOXIFEN,42510955,,,,PubMed
TAMOXIFEN,42490743,,,,PubMed
TAMOXIFEN,42473799,,,,PubMed
TAMOXIFEN,42467342,,,,PubMed
TAMOXIFEN,42405609,,,,PubMed
TAMOXIFEN,42389270,,,,PubMed
TAMOXIFEN,42386053,,,,PubMed
TAMOXIFEN,42385388,,,,PubMed
TOPOTECAN,42553724,2026,World J Pediatr Surg,Intra-arterial chemotherapy for retinoblastoma: a structured narrative review.,PubMed
TOPOTECAN,42497381,2026 Jul 24,J Clin Oncol,"Izalontamab Brengitecan (Iza-Bren), a First-in-Class EGFR-HER3 Bispecific Antibody-Drug Conjugate in Extensive-Stage Small Cell Lung Cancer: Results From a Phase Ib Study.",PubMed
TOPOTECAN,42480648,2026 Jul 21,Ophthalmol Retina,Transient Optical Coherence Tomography Changes after High-Dose Intravitreal Topotecan for retinoblastoma: case series.,PubMed
TOPOTECAN,42419577,2026 Jul 8,J Control Release,Oral delivery of topoisomerase I inhibitors: From biopharmaceutical barriers to clinical translation.,PubMed
TOPOTECAN,42328096,2026 Jul,Ophthalmol Sci,Topotecan Microneedle Scleral Patch: A Transscleral Drug Delivery Study for Retinoblastoma.,PubMed
TOPOTECAN,42326553,2026 Jun 17,J Vitreoretin Dis,High-Dose Intravitreal Topotecan Combined With Focal Consolidation Therapy for Recurrent Retinal Tumors in Retinoblastoma.,PubMed
TOPOTECAN,42263182,2026 Jul 1,J Pediatr Hematol Oncol,High-Dose Intravitreal Topotecan for Retinoblastoma With Subretinal Seeds: A Well-Tolerated and Efficacious Approach.,PubMed
TOPOTECAN,42202757,2026 Jul,Cytotherapy,Quadruple immunotherapy with allogeneic natural killer cell infusion for recurrent neuroblastoma.,PubMed
TOPOTECAN,42072718,2026 Apr 17,Biomolecules,Quercetin Enhances Topotecan Cytotoxicity in Retinoblastoma Cells Through ROS-Associated Stress and Apoptotic Signaling.,PubMed
TOPOTECAN,42028236,2026 Jan-Dec,Neurooncol Adv,Combination of metronomic oral pazopanib and topotecan for recurrent glioblastoma with and without previous bevacizumab: Results from a phase 2 clinical trial.,PubMed
TOPOTECAN,42160641,2026 Apr,,,PubMed
TOPOTECAN,41823156,2026 May,Pediatr Blood Cancer,Efficacy and Tolerability of Topotecan/Cyclophosphamide/Dinutuximab in Relapsed and Refractory High-Risk Neuroblastoma: A Multi-Institutional Retrospective Study.,PubMed
TOPOTECAN,41781859,2026 Mar 4,Mol Med,Topoisomerase inhibitors in cervical cancer: mechanistic insights and therapeutic strategies.,PubMed
TOPOTECAN,41766523,2026 Mar,Cancer Med,A Critical Analysis of the Impact of Etoposide as a Topoisomerase II Inhibitor in Cervical Cancer Treatment: A Review.,PubMed
TOPOTECAN,41725538,2026 Dec,Ann Med,Molecular targeted therapy in combination with chemotherapy for the treatment of platinum-resistant/refractory ovarian cancer (PROC): a systematic review and network meta-analysis.,PubMed
TRASTUZUMAB,42592971,,,,PubMed
TRASTUZUMAB,42592430,,,,PubMed
TRASTUZUMAB,42586176,,,,PubMed
TRASTUZUMAB,42582644,,,,PubMed
TRASTUZUMAB,42582070,,,,PubMed
TRASTUZUMAB,42582067,,,,PubMed
TRASTUZUMAB,42530873,,,,PubMed
TRASTUZUMAB,42529542,,,,PubMed
TRASTUZUMAB,42509656,,,,PubMed
TRASTUZUMAB,42501479,,,,PubMed
VENETOCLAX,42585304,2026 Aug 14,Sci Adv,RNA terminal uridylyl transferases are druggable vulnerabilities in AML but are dispensable for normal hematopoiesis.,PubMed
VENETOCLAX,42570165,2026 Aug 8,Clin Transl Oncol,Targeting protein-protein interactions in the BCL-2 family: opportunities for precision oncology.,PubMed
VENETOCLAX,42566728,2026 Aug 7,J Clin Oncol,Contemporary Management of Relapsed or Refractory Chronic Lymphocytic Leukemia.,PubMed
VENETOCLAX,42563153,2026 Aug 5,BMC Cancer,DECIDER-2: Prospective randomized multicenter phase III trial of decitabine and venetoclax administered in combination with all-trans retinoic acid or placebo in patients with acute myeloid leukemia who are ineligible for induction chemotherapy.,PubMed
VENETOCLAX,42561008,2026 Sep,Hematol Oncol,Defining a Therapeutic Window for Venetoclax in Post-Transplant Maintenance Therapy for High-Risk Acute Myeloid Leukemia and Myelodysplastic Syndromes.,PubMed
VENETOCLAX,42548096,2026 Aug 3,J Dermatol,Venetoclax-Induced Symmetrical Drug-Related Intertriginous and Flexural Exanthema (SDRIFE): Implications for Diagnosis and Treatment Continuation.,PubMed
VENETOCLAX,42535888,2026 Jul 31,Turk J Haematol,Antifungal Management in Patients with Hematologic Malignancies: From Primary Prophylaxis to Empirical and Diagnostic-Driven Treatment.,PubMed
VENETOCLAX,42534179,2026 Jun,Cureus,Gilteritinib-Associated Hypertriglyceridemia During Acute Myeloid Leukemia Triplet Therapy in a 52-Year-Old Man: A Case Report.,PubMed
VENETOCLAX,42532517,2026 Jul 30,Eur J Haematol,Dose-Adjusted Treatment With 7-Day Venetoclax Plus Azacitidine or Decitabine in Patients With Acute Myeloid Leukaemia.,PubMed
VENETOCLAX,42528004,2026 Jul 29,Pediatr Blood Cancer,Efficacy and Safety of Tyrosine Kinase Inhibitor Combined With Venetoclax-Based Regimen in Pediatric Patients With Chronic Myeloid Leukemia in the Blast Phase: A Single-Center Retrospective Study.,PubMed
VENETOCLAX,42523261,2026 Jul 13,bioRxiv,Specific F(1) ATP synthase inhibition delivers transient mitochondrial stress for selective targeting of acute myeloid leukemia.,PubMed
VENETOCLAX,42522802,2026 Jul 1,Asian Pac J Cancer Prev,Prognostic Implications and Therapeutic Landscape of IDH1-Mutated AML: An Updated Review of Evidence and Indian Perspective.,PubMed
VENETOCLAX,42520193,2026 Jul 28,Blood,OPTI-AML: Prospective Comparison of 28 vs.14 days of Venetoclax Induction with Azacitidine in Older Adults with AML.,PubMed
VENETOCLAX,42505231,2026 Jul 18,Curr Oncol,Management of Acute Myeloid Leukemia in Older Patients: An Updated Canadian Consensus.,PubMed
VENETOCLAX,42500589,2026,Oncol Res,"Real-World Experience with Venetoclax Therapeutic Drug Monitoring in Acute Myeloid Leukemia: Role of Posaconazole, Correlation with Safety and Efficacy.",PubMed
VINBLASTINE,42578872,2026 Aug 11,J Oncol Pharm Pract,Anaphylactic reaction to the second dose of dacarbazine following initial exposure in patient with hodgkin lymphoma.,PubMed
VINBLASTINE,42513493,2026 Jul 16,J Clin Med,Frontline ABVD Remains an Effective Option in Advanced-Stage Classical Hodgkin Lymphoma: Real-World Data from Turkey.,PubMed
VINBLASTINE,42504622,2026 Aug,J Biochem Mol Toxicol,"Goniothalamin as a Styryl-Lactone Toxicophore in Cancer Models: Electrophile-Driven DNA Damage, Reactive Oxygen Species-Endoplasmic Reticulum Stress Signaling and Detoxification-Relevant Safety Considerations.",PubMed
VINBLASTINE,42448827,2026 Jul 14,Sci Rep,ddMVAC versus gemcitabine-cisplatin as neoadjuvant treatment for muscle-invasive urothelial bladder cancer: a multicenter real-world study.,PubMed
VINBLASTINE,42392246,2026 Sep 1,Chem Biol Interact,Diazepam induces mitotic defects and cytotoxicity through modulation of tubulin and Eg5.,PubMed
VINBLASTINE,42358840,2026,Oncol Res,Mebendazole Shows Antiproliferative and Antimigratory Effects in Paediatric Low-Grade Glioma Models.,PubMed
VINBLASTINE,42352045,2026 Jun 10,Antioxidants (Basel),Aminochrome-Induced Disruption of Autophagosome-Lysosome Fusion: Implications for Protein Aggregation in Parkinson's Disease.,PubMed
VINBLASTINE,36508538,2026 Jan,,Plant Alkaloids Toxicity.,PubMed
VINBLASTINE,42274064,2026 Jan,Gulf J Oncolog,A Prospective Study Comparing Treatment Outcomes of Brentuximab Vedotin Plus AVD versus ABVD in Egyptian Patients with Advanced Classical Hodgkin Lymphoma.,PubMed
VINBLASTINE,42242960,2026 Jul,Clin Lymphoma Myeloma Leuk,SOHO State of the Art Updates and Next Questions | Early Stage Hodgkin Lymphoma-Are We Ready for Novel Agents?,PubMed
VINBLASTINE,42190158,2026 Jul 10,J Clin Oncol,"Neoadjuvant Durvalumab ± Tremelimumab in Combination With Dose-Dense Methotrexate, Vinblastine, Doxorubicin, and Cisplatin in Muscle-Invasive Bladder Carcinoma: Results of the Phase I/II NEMIO Study.",PubMed
VINBLASTINE,42172116,2026,Klin Onkol,Treatment outcomes of Hodgkin lymphoma in the Czech Republic.,PubMed
VINBLASTINE,42170498,2026 May 6,J Adv Pract Oncol,Advances in Hodgkin Lymphoma Treatment: Clinical Considerations for Managing Toxicities in Nivolumab-AVD Therapy.,PubMed
VINBLASTINE,42164211,2026 Apr,Cureus,Adult-Onset Multisystem Langerhans Cell Histiocytosis: Atypical Skeletal and Endocrine Manifestations.,PubMed
VINBLASTINE,42002978,2026 Apr 16,Curr Cancer Drug Targets,Phytochemicals as Promising Therapeutics in Cancer Prevention and Treatment: Mechanisms and Applications.,PubMed
VINCRISTINE,42527384,2026 Jul 29,Pediatr Blood Cancer,"The VIVA Regimen (Vinorelbine, Ifosfamide, Vincristine, and Actinomycin-D) for High-Risk Rhabdomyosarcoma: Feasibility and Outcomes From a Single-Institution Study.",PubMed
VINCRISTINE,42525883,2026 Jul 1,J Vet Intern Med,Survival outcomes of dogs with multicentric lymphoma treated with sequential half-body radiotherapy and L-CHOP without maintenance chemotherapy.,PubMed
VINCRISTINE,42500174,2026,Rev Bras Ginecol Obstet,Impact of different EMA/CO treatment regimens in women with gestational trophoblastic neoplasia: brazilian multicenter retrospective cohort study.,PubMed
VINCRISTINE,42494534,2026,Front Pharmacol,"Why pharmacogenomic biomarkers for chemotherapy-induced peripheral neuropathy fail: a systematic review of genetic associations, replication, and clinical translation.",PubMed
VINCRISTINE,42483493,2026,Case Rep Oncol Med,Successful Sequential Multimodal Therapy for Lingual Rhabdomyosarcoma in a Young Adult: Case Report.,PubMed
VINCRISTINE,42475939,2026 Sep,Leuk Res,Analysis of the efficacy and safety of the IVD/EM maintenance regimen as post-remission treatment for adult patients with T-cell lymphoblastic lymphoma/leukemia.,PubMed
VINCRISTINE,42473728,2026 Aug,CPT Pharmacometrics Syst Pharmacol,Extrapolating Vincristine-Induced Peripheral Neuropathy From Caucasian to Kenyan Populations: Impact of Type I and Type II Selection Bias.,PubMed
VINCRISTINE,42448984,2026 Jul 14,Eur J Pediatr,Drug-associated acute pancreatitis in paediatric versus adult reports: a disproportionality analysis using FAERS.,PubMed
VINCRISTINE,42448612,2026 Jul 14,Br J Haematol,Real-world outcomes of BrECADD therapy in advanced-stage classical Hodgkin lymphoma: A multicentre retrospective study.,PubMed
VINCRISTINE,42445702,2026,Rep Pract Oncol Radiother,Salvage ultra-low-dose radiotherapy for conjunctival mantle cell lymphoma - a case report and literature review.,PubMed
VINCRISTINE,42444056,2026 Jul,Pediatr Allergy Immunol,Breakthrough reactions in pediatric chemotherapeutic desensitization: Outcomes and associated risk factors.,PubMed
VINCRISTINE,42440462,2026 Oct,Adv Radiat Oncol,Interim Positron Emission Tomography-Guided Dose-Adapted Residual Site Radiation Therapy Improves Survival in Diffuse Large B-Cell Lymphoma Patients With Partial Metabolic Response After R-CHOP: A Retrospective Cohort Analysis.,PubMed
VINCRISTINE,42437228,2026 Jun,Cureus,Acute Appendicitis at Stem Cell Infusion During Autologous Transplantation for HIV-Associated Diffuse Large B-cell Lymphoma: A Case Report.,PubMed
VINCRISTINE,42430569,2026 Jul,Hematol Oncol,"Intensified Rituximab, Methotrexate, Procarbazine, and Cytarabine (R-MPVA) Regimen With Sequential Addition of Etoposide to R-MPV and Ifosfamide to R-AraC for Newly Diagnosed Primary CNS Lymphoma Patients Aged Between 60 and 70 Years: An LOC Network Study.",PubMed
VINCRISTINE,42416239,2026,Ecancermedicalscience,Clinical outcomes of adding vincristine to procarbazine-lomustine in patients with gliomas: insights from current evidence.,PubMed
